"Date(UTC)","OrderNo","Pair","Type","Side","Order Price","Order Amount","Time","Executed","Average Price","Trading total","Status"
"2025-05-30 04:25:09","12280092627","SOLUSDT","Limit","SELL","172.58","1.218SOL","2025-05-30 04:25:09","0SOL","0","0USDT","NEW"
"2025-05-30 04:24:44","12280090879","SOLUSDT","Limit","SELL","173.21","1.203SOL","2025-05-30 04:24:44","0SOL","0","0USDT","NEW"
"2025-05-30 04:24:34","12280090444","SOLUSDT","Limit","SELL","174.21","1.203SOL","2025-05-30 04:24:44","0SOL","0","0USDT","CANCELED"
"2025-05-29 17:41:34","12272888226","SOLUSDT","Limit","BUY","164.13","1.218SOL","2025-05-30 00:54:37","1.218SOL","164.13","199.91034USDT","FILLED"
"2025-05-29 17:41:20","12272886651","SOLUSDT","Limit","BUY","166.21","1.203SOL","2025-05-29 19:14:14","1.203SOL","166.21","199.95063USDT","FILLED"
"2025-05-29 17:40:50","12272881972","SOLUSDT","Limit","SELL","174.32","1.783SOL","2025-05-29 17:40:50","0SOL","0","0USDT","NEW"
"2025-05-29 14:04:54","12270069116","SOLUSDT","Limit","SELL","175.21","1.169SOL","2025-05-29 14:04:54","0SOL","0","0USDT","NEW"
"2025-05-29 14:04:35","12270064811","SOLUSDT","Limit","BUY","171.01","1.169SOL","2025-05-29 14:04:35","1.169SOL","170.93","199.81717USDT","FILLED"
"2025-05-28 15:14:40","12258086861","SOLUSDT","Limit","BUY","168.21","1.783SOL","2025-05-29 16:55:33","1.783SOL","168.21","299.91843USDT","FILLED"
"2025-05-28 15:13:48","12258067934","SOLUSDT","Limit","SELL","175.75","1.772SOL","2025-05-28 15:13:48","0SOL","0","0USDT","NEW"
"2025-05-28 14:43:36","12257439052","SOLUSDT","Limit","SELL","177.31","1.752SOL","2025-05-28 14:43:36","0SOL","0","0USDT","NEW"
"2025-05-28 14:43:13","12257431616","SOLUSDT","Limit","SELL","177.21","1.736SOL","2025-05-28 14:43:13","0SOL","0","0USDT","NEW"
"2025-05-28 14:42:47","12257423257","SOLUSDT","Limit","BUY","169.21","1.772SOL","2025-05-28 15:11:06","1.772SOL","169.21","299.84012USDT","FILLED"
"2025-05-28 14:08:15","12256808019","SOLUSDT","Limit","BUY","171.21","1.752SOL","2025-05-28 14:38:37","1.752SOL","171.21","299.95992USDT","FILLED"
"2025-05-28 14:01:47","12256662477","SOLUSDT","Limit","BUY","172.84","1.736SOL","2025-05-28 14:01:47","1.736SOL","172.84","300.05024USDT","FILLED"
"2025-05-27 02:51:30","12236771804","SOLUSDT","Limit","SELL","178.39","1.719SOL","2025-05-27 13:13:34","1.719SOL","178.39","306.65241USDT","FILLED"
"2025-05-27 02:51:16","12236768538","SOLUSDT","Limit","SELL","178.21","1.739SOL","2025-05-27 13:13:05","1.739SOL","178.21","309.90719USDT","FILLED"
"2025-05-27 02:50:59","12236763227","SOLUSDT","Limit","SELL","177.21","1.738SOL","2025-05-27 12:28:10","1.738SOL","177.21","307.99098USDT","FILLED"
"2025-05-27 02:50:29","12236748934","SOLUSDT","Limit","BUY","172.46","1.738SOL","2025-05-27 02:50:29","1.738SOL","172.46","299.73548USDT","FILLED"
"2025-05-26 03:58:55","12224156596","SOLUSDT","Limit","BUY","173.21","1.732SOL","2025-05-26 06:00:07","0SOL","0","0USDT","CANCELED"
"2025-05-26 03:58:42","12224154889","SOLUSDT","Limit","BUY","171.54","1.748SOL","2025-05-26 06:00:20","0SOL","0","0USDT","CANCELED"
"2025-05-26 03:58:19","12224153184","SOLUSDT","Limit","BUY","172.31","1.78SOL","2025-05-26 06:00:09","0SOL","0","0USDT","CANCELED"
"2025-05-26 03:57:49","12224151832","SOLUSDT","Limit","BUY","170.63","1.802SOL","2025-05-26 06:00:21","0SOL","0","0USDT","CANCELED"
"2025-05-25 03:30:39","12211757440","SOLUSDT","Limit","SELL","177.21","1.76SOL","2025-05-26 00:40:19","1.76SOL","177.21","311.8896USDT","FILLED"
"2025-05-25 03:30:16","12211755396","SOLUSDT","Limit","SELL","179.32","1.739SOL","2025-05-27 02:51:16","0SOL","0","0USDT","CANCELED"
"2025-05-24 04:03:46","12199161103","SOLUSDT","Limit","BUY","164.45","2.85SOL","2025-05-25 11:37:49","0SOL","0","0USDT","CANCELED"
"2025-05-24 04:03:22","12199159930","SOLUSDT","Limit","BUY","166.45","1.802SOL","2025-05-26 03:57:49","0SOL","0","0USDT","CANCELED"
"2025-05-24 04:03:15","12199158968","SOLUSDT","Limit","BUY","168.45","1.78SOL","2025-05-26 03:58:19","0SOL","0","0USDT","CANCELED"
"2025-05-24 04:03:04","12199157323","SOLUSDT","Limit","BUY","170.45","1.76SOL","2025-05-25 02:18:41","1.76SOL","170.45","299.992USDT","FILLED"
"2025-05-24 04:02:50","12199154999","SOLUSDT","Limit","BUY","172.45","1.739SOL","2025-05-25 00:53:01","1.739SOL","172.45","299.89055USDT","FILLED"
"2025-05-24 04:02:30","12199152271","SOLUSDT","Limit","SELL","179.32","1.719SOL","2025-05-27 02:51:30","0SOL","0","0USDT","CANCELED"
"2025-05-24 04:02:17","12199147074","SOLUSDT","Limit","SELL","179.32","1.732SOL","2025-05-27 13:30:42","1.732SOL","179.32","310.58224USDT","FILLED"
"2025-05-24 04:01:49","12199143194","SOLUSDT","Limit","BUY","174.88","1.719SOL","2025-05-24 04:01:49","1.719SOL","174.87","300.60153USDT","FILLED"
"2025-05-23 12:13:21","12182237089","SOLUSDT","Limit","BUY","173.21","1.732SOL","2025-05-24 00:57:22","1.732SOL","173.21","299.99972USDT","FILLED"
"2025-05-23 12:12:39","12182190717","SOLUSDT","Limit","SELL","182.32","2.83SOL","2025-05-23 14:46:40","2.83SOL","182.32","515.9656USDT","FILLED"
"2025-05-23 12:11:53","12182156556","SOLUSDT","Limit","BUY","176.69","2.83SOL","2025-05-23 12:11:53","2.83SOL","176.67530035","499.9911USDT","FILLED"
"2025-05-23 02:01:26","12171638547","SOLUSDT","Limit","SELL","183.41","1.711SOL","2025-05-23 02:01:31","1.711SOL","183.41","313.81451USDT","FILLED"
"2025-05-23 02:01:11","12171632617","SOLUSDT","Limit","SELL","183.51","1.72SOL","2025-05-23 02:01:39","1.72SOL","183.51","315.6372USDT","FILLED"
"2025-05-22 15:44:03","12164962976","SOLUSDT","Limit","SELL","184.35","1.72SOL","2025-05-23 02:01:11","0SOL","0","0USDT","CANCELED"
"2025-05-22 15:43:51","12164960549","SOLUSDT","Limit","SELL","182.95","1.135SOL","2025-05-23 01:35:39","1.135SOL","182.95","207.64825USDT","FILLED"
"2025-05-22 15:43:39","12164959599","SOLUSDT","Limit","SELL","184.21","1.711SOL","2025-05-23 02:01:26","0SOL","0","0USDT","CANCELED"
"2025-05-19 09:04:07","12102216825","SOLUSDT","Limit","SELL","167","1.857SOL","2025-05-19 17:08:03","1.857SOL","167","310.119USDT","FILLED"
"2025-05-19 09:03:33","12102198589","SOLUSDT","Limit","BUY","161.43","1.857SOL","2025-05-19 09:03:34","1.857SOL","161.43","299.77551USDT","FILLED"
"2025-05-15 08:27:02","12029040544","SOLUSDT","Limit","SELL","178.12","1.578SOL","2025-05-15 08:27:02","0SOL","0","0USDT","NEW"
"2025-05-15 07:43:32","12028349246","SOLUSDT","Limit","SELL","177.38","1.752SOL","2025-05-15 07:43:32","0SOL","0","0USDT","NEW"
"2025-05-15 07:22:33","12027875922","SOLUSDT","Limit","SELL","178.21","1.739SOL","2025-05-15 07:22:33","0SOL","0","0USDT","NEW"
"2025-05-15 06:07:09","12026908677","SOLUSDT","Limit","SELL","178.21","1.729SOL","2025-05-15 06:07:09","0SOL","0","0USDT","NEW"
"2025-05-15 03:52:05","12025253015","SOLUSDT","Limit","SELL","179.21","1.148SOL","2025-05-15 03:52:05","0SOL","0","0USDT","NEW"
"2025-05-14 21:09:36","12021115756","SOLUSDT","Limit","BUY","170.21","1.578SOL","2025-05-15 07:45:48","1.578SOL","170.21","268.59138USDT","FILLED"
"2025-05-14 21:09:22","12021114988","SOLUSDT","Limit","BUY","171.15","1.752SOL","2025-05-15 07:26:11","1.752SOL","171.15","299.8548USDT","FILLED"
"2025-05-14 21:09:11","12021114589","SOLUSDT","Limit","BUY","172.45","1.739SOL","2025-05-15 07:10:33","1.739SOL","172.45","299.89055USDT","FILLED"
"2025-05-14 21:09:03","12021114362","SOLUSDT","Limit","BUY","174.12","1.148SOL","2025-05-15 01:56:23","1.148SOL","174.12","199.88976USDT","FILLED"
"2025-05-14 21:08:55","12021114102","SOLUSDT","Limit","BUY","173.42","1.729SOL","2025-05-15 05:38:08","1.729SOL","173.42","299.84318USDT","FILLED"
"2025-05-14 21:05:02","12021092184","SOLUSDT","Limit","SELL","181.21","1.711SOL","2025-05-14 21:05:02","0SOL","0","0USDT","NEW"
"2025-05-14 21:04:45","12021089683","SOLUSDT","Limit","SELL","181.02","1.135SOL","2025-05-14 21:04:45","0SOL","0","0USDT","NEW"
"2025-05-14 21:04:31","12021087248","SOLUSDT","Limit","SELL","181.14","1.72SOL","2025-05-14 21:04:31","0SOL","0","0USDT","NEW"
"2025-05-14 18:01:27","12019456048","SOLUSDT","Limit","SELL","179.25","1.72SOL","2025-05-14 21:04:31","0SOL","0","0USDT","CANCELED"
"2025-05-14 18:01:03","12019450332","SOLUSDT","Limit","SELL","180.21","1.711SOL","2025-05-14 21:05:02","0SOL","0","0USDT","CANCELED"
"2025-05-14 18:00:40","12019444514","SOLUSDT","Limit","SELL","179.23","1.135SOL","2025-05-14 21:04:45","0SOL","0","0USDT","CANCELED"
"2025-05-14 09:07:20","12009769240","SOLUSDT","Limit","BUY","170.24","3.312SOL","2025-05-14 19:25:25","0SOL","0","0USDT","CANCELED"
"2025-05-14 09:06:59","12009755569","SOLUSDT","Limit","BUY","172.13","2.323SOL","2025-05-14 21:06:12","0SOL","0","0USDT","CANCELED"
"2025-05-14 09:06:36","12009744963","SOLUSDT","Limit","BUY","174.41","1.72SOL","2025-05-14 17:17:35","1.72SOL","174.41","299.9852USDT","FILLED"
"2025-05-14 09:06:27","12009739058","SOLUSDT","Limit","BUY","175.32","1.711SOL","2025-05-14 16:47:58","1.711SOL","175.32","299.97252USDT","FILLED"
"2025-05-14 09:06:14","12009729839","SOLUSDT","Limit","BUY","176.21","1.135SOL","2025-05-14 15:04:01","1.135SOL","176.21","199.99835USDT","FILLED"
"2025-05-13 18:06:36","11994073421","SOLUSDT","Limit","BUY","173.21","2.309SOL","2025-05-14 21:06:14","0SOL","0","0USDT","CANCELED"
"2025-05-13 17:54:38","11993864777","SOLUSDT","Limit","SELL","181.22","2.265SOL","2025-05-13 19:30:39","2.265SOL","181.22","410.4633USDT","FILLED"
"2025-05-13 17:54:23","11993860719","SOLUSDT","Limit","SELL","181.11","2.832SOL","2025-05-13 19:30:33","2.832SOL","181.11","512.90352USDT","FILLED"
"2025-05-13 17:54:11","11993859502","SOLUSDT","Limit","SELL","181.23","2.832SOL","2025-05-13 19:30:39","2.832SOL","181.23","513.24336USDT","FILLED"
"2025-05-13 00:13:37","11975807913","SOLUSDT","Limit","SELL","178.35","2.322SOL","2025-05-13 17:46:36","2.322SOL","178.35","414.1287USDT","FILLED"
"2025-05-13 00:09:12","11975741375","SOLUSDT","Limit","SELL","179","1.743SOL","2025-05-13 17:51:44","1.743SOL","179","311.997USDT","FILLED"
"2025-05-12 23:04:19","11975200549","SOLUSDT","Limit","SELL","180","2.265SOL","2025-05-13 17:54:38","0SOL","0","0USDT","CANCELED"
"2025-05-12 23:03:59","11975197065","SOLUSDT","Limit","SELL","179.98","2.832SOL","2025-05-13 17:54:11","0SOL","0","0USDT","CANCELED"
"2025-05-12 23:03:41","11975196224","SOLUSDT","Limit","SELL","180","2.832SOL","2025-05-13 17:54:23","0SOL","0","0USDT","CANCELED"
"2025-05-12 14:54:41","11965508684","SOLUSDT","Limit","SELL","181","2.265SOL","2025-05-12 23:04:19","0SOL","0","0USDT","CANCELED"
"2025-05-12 14:54:14","11965491480","SOLUSDT","Limit","BUY","176.45","2.265SOL","2025-05-12 14:54:14","2.265SOL","176.43","399.61395USDT","FILLED"
"2025-05-12 14:53:52","11965481516","SOLUSDT","Limit","SELL","183","2.832SOL","2025-05-12 23:03:59","0SOL","0","0USDT","CANCELED"
"2025-05-12 14:53:40","11965475491","SOLUSDT","Limit","SELL","181","2.832SOL","2025-05-12 14:53:52","0SOL","0","0USDT","CANCELED"
"2025-05-12 14:53:14","11965461487","SOLUSDT","Limit","SELL","182","2.832SOL","2025-05-12 23:03:41","0SOL","0","0USDT","CANCELED"
"2025-05-12 14:52:37","11965441966","SOLUSDT","Limit","BUY","176.62","2.832SOL","2025-05-12 14:52:37","2.832SOL","176.53","499.93296USDT","FILLED"
"2025-05-12 14:51:56","11965423487","SOLUSDT","Limit","SELL","179","2.832SOL","2025-05-12 14:53:40","0SOL","0","0USDT","CANCELED"
"2025-05-12 14:51:31","11965406723","SOLUSDT","Limit","BUY","176.6","2.832SOL","2025-05-12 14:51:31","2.832SOL","176.58","500.07456USDT","FILLED"
"2025-05-12 12:02:21","11959460679","SOLUSDT","Limit","BUY","172.65","1.743SOL","2025-05-12 17:46:18","1.743SOL","172.65","300.92895USDT","FILLED"
"2025-05-12 12:02:06","11959455376","SOLUSDT","Limit","BUY","173.21","1.732SOL","2025-05-12 14:51:27","0SOL","0","0USDT","CANCELED"
"2025-05-12 03:10:03","11949050880","SOLUSDT","Limit","BUY","170.45","2.325SOL","2025-05-12 14:52:31","0SOL","0","0USDT","CANCELED"
"2025-05-12 03:09:48","11949045898","SOLUSDT","Limit","BUY","171.35","1.75SOL","2025-05-12 14:54:02","0SOL","0","0USDT","CANCELED"
"2025-05-12 03:09:31","11949040003","SOLUSDT","Limit","BUY","172.1","1.743SOL","2025-05-12 12:02:21","0SOL","0","0USDT","CANCELED"
"2025-05-12 03:09:01","11949031420","SOLUSDT","Limit","SELL","175.75","1.729SOL","2025-05-12 04:41:41","1.729SOL","175.75","303.87175USDT","FILLED"
"2025-05-12 03:08:07","11949014940","SOLUSDT","Limit","BUY","173.44","1.729SOL","2025-05-12 03:08:19","1.729SOL","173.44","299.87776USDT","FILLED"
"2025-05-12 03:07:46","11949011063","SOLUSDT","Limit","SELL","175.35","2.306SOL","2025-05-12 04:16:51","2.306SOL","175.35","404.3571USDT","FILLED"
"2025-05-12 02:30:18","11948227476","SOLUSDT","Limit","BUY","173.45","2.306SOL","2025-05-12 02:55:46","2.306SOL","173.45","399.9757USDT","FILLED"
"2025-05-12 02:02:45","11947563482","SOLUSDT","Limit","SELL","176.75","2.849SOL","2025-05-12 02:21:06","2.849SOL","176.75","503.56075USDT","FILLED"
"2025-05-12 02:02:24","11947554642","SOLUSDT","Limit","BUY","172.24","2.322SOL","2025-05-12 17:49:14","2.322SOL","172.24","399.94128USDT","FILLED"
"2025-05-11 14:26:36","11938899694","SOLUSDT","Limit","SELL","174.55","2.758SOL","2025-05-12 00:19:06","2.758SOL","174.55","481.4089USDT","FILLED"
"2025-05-11 08:11:46","11934672351","SOLUSDT","Limit","SELL","175.88","1.73SOL","2025-05-12 01:11:13","1.73SOL","175.88","304.2724USDT","FILLED"
"2025-05-11 08:11:24","11934669709","SOLUSDT","Limit","SELL","176.54","1.722SOL","2025-05-12 02:20:28","1.722SOL","176.54","304.00188USDT","FILLED"
"2025-05-11 06:14:06","11932650864","SOLUSDT","Limit","BUY","172.21","2.758SOL","2025-05-11 13:32:56","2.758SOL","172.21","474.95518USDT","FILLED"
"2025-05-11 06:13:54","11932646188","SOLUSDT","Limit","BUY","173.35","1.73SOL","2025-05-11 07:05:22","1.73SOL","173.35","299.8955USDT","FILLED"
"2025-05-11 06:13:38","11932641854","SOLUSDT","Limit","BUY","174.21","1.722SOL","2025-05-11 06:42:14","1.722SOL","174.21","299.98962USDT","FILLED"
"2025-05-11 06:13:21","11932639912","SOLUSDT","Limit","SELL","176.82","2.853SOL","2025-05-12 02:21:11","2.853SOL","176.82","504.46746USDT","FILLED"
"2025-05-11 06:12:54","11932634742","SOLUSDT","Limit","BUY","175.24","2.853SOL","2025-05-11 06:12:54","2.853SOL","175.24","499.95972USDT","FILLED"
"2025-05-11 03:08:24","11930493020","SOLUSDT","Limit","SELL","177.84","2.849SOL","2025-05-12 02:02:45","0SOL","0","0USDT","CANCELED"
"2025-05-11 03:07:53","11930486714","SOLUSDT","Limit","BUY","175.52","2.849SOL","2025-05-11 03:08:05","2.849SOL","175.52","500.05648USDT","FILLED"
"2025-05-10 11:45:18","11914591032","SOLUSDT","Limit","SELL","171.2","2.958SOL","2025-05-10 12:53:03","2.958SOL","171.2","506.4096USDT","FILLED"
"2025-05-10 11:44:33","11914576019","SOLUSDT","Limit","BUY","168.91","2.958SOL","2025-05-10 11:44:33","2.958SOL","168.89","499.57662USDT","FILLED"
"2025-05-10 09:25:15","11912727591","SOLUSDT","Limit","SELL","172.85","5.828SOL","2025-05-10 17:19:16","5.828SOL","172.85","1007.3698USDT","FILLED"
"2025-05-10 09:24:52","11912721134","SOLUSDT","Limit","BUY","171.57","5.828SOL","2025-05-10 09:26:51","5.828SOL","171.57","999.90996USDT","FILLED"
"2025-05-10 07:52:40","11911077000","SOLUSDT","Limit","SELL","172.89","5.831SOL","2025-05-10 08:06:27","5.831SOL","172.89","1008.12159USDT","FILLED"
"2025-05-10 07:51:38","11911068519","SOLUSDT","Limit","BUY","171.47","5.831SOL","2025-05-10 07:51:38","5.831SOL","171.47","999.84157USDT","FILLED"
"2025-05-09 07:50:28","2403088481","INJUSDT","Limit","SELL","12.5","20INJ","2025-05-10 17:06:07","20INJ","12.5","250USDT","FILLED"
"2025-05-07 00:16:03","11850184844","SOLUSDT","Limit","SELL","150.81","2.062SOL","2025-05-08 03:44:28","2.062SOL","150.81","310.97022USDT","FILLED"
"2025-05-07 00:15:46","11850181728","SOLUSDT","Limit","SELL","151.19","1.994SOL","2025-05-08 04:00:33","1.994SOL","151.19","301.47286USDT","FILLED"
"2025-05-07 00:15:33","11850180455","SOLUSDT","Limit","SELL","151.21","2.782SOL","2025-05-08 04:00:33","2.782SOL","151.21","420.66622USDT","FILLED"
"2025-05-07 00:08:51","11850110854","SOLUSDT","Limit","BUY","142.12","2.11SOL","2025-05-10 11:44:25","0SOL","0","0USDT","CANCELED"
"2025-05-07 00:08:39","11850109068","SOLUSDT","Limit","BUY","143.41","1.868SOL","2025-05-10 11:44:26","0SOL","0","0USDT","CANCELED"
"2025-05-06 13:11:42","11844153042","SOLUSDT","Limit","SELL","149.21","1.994SOL","2025-05-07 00:15:46","0SOL","0","0USDT","CANCELED"
"2025-05-06 13:11:30","11844151697","SOLUSDT","Limit","SELL","149.21","2.782SOL","2025-05-07 00:15:33","0SOL","0","0USDT","CANCELED"
"2025-05-06 13:11:15","11844150756","SOLUSDT","Limit","SELL","151.12","1.994SOL","2025-05-06 13:11:42","0SOL","0","0USDT","CANCELED"
"2025-05-06 13:10:46","11844148024","SOLUSDT","Limit","SELL","146.25","1.784SOL","2025-05-06 22:05:19","1.784SOL","146.25","260.91USDT","FILLED"
"2025-05-06 04:07:26","11840800898","SOLUSDT","Limit","BUY","142.41","1.784SOL","2025-05-06 11:31:17","1.784SOL","142.41","254.05944USDT","FILLED"
"2025-05-06 04:06:41","11840797080","SOLUSDT","Limit","SELL","147.21","2.092SOL","2025-05-06 23:50:05","2.092SOL","147.21","307.96332USDT","FILLED"
"2025-05-05 10:46:45","11833113739","SOLUSDT","Limit","BUY","143.4","2.092SOL","2025-05-05 15:45:15","2.092SOL","143.4","299.9928USDT","FILLED"
"2025-05-05 06:03:03","11831767116","SOLUSDT","Limit","SELL","152.12","2.782SOL","2025-05-06 13:11:30","0SOL","0","0USDT","CANCELED"
"2025-05-04 06:05:57","11823047718","SOLUSDT","Limit","SELL","149.23","2.062SOL","2025-05-07 00:16:03","0SOL","0","0USDT","CANCELED"
"2025-05-03 18:22:44","11819562862","SOLUSDT","Limit","BUY","141.42","2.503SOL","2025-05-05 05:59:49","0SOL","0","0USDT","CANCELED"
"2025-05-03 18:22:31","11819561913","SOLUSDT","Limit","BUY","142.23","1.406SOL","2025-05-05 05:59:52","0SOL","0","0USDT","CANCELED"
"2025-05-03 18:22:22","11819560258","SOLUSDT","Limit","BUY","143.2","1.396SOL","2025-05-05 01:33:09","1.396SOL","143.2","199.9072USDT","FILLED"
"2025-05-03 18:22:16","11819558837","SOLUSDT","Limit","BUY","144.24","1.386SOL","2025-05-04 23:27:19","1.386SOL","144.24","199.91664USDT","FILLED"
"2025-05-03 18:22:04","11819557697","SOLUSDT","Limit","BUY","145.42","2.062SOL","2025-05-04 04:33:38","2.062SOL","145.42","299.85604USDT","FILLED"
"2025-05-03 11:22:34","11817380198","SOLUSDT","Limit","SELL","151","1.359SOL","2025-05-08 03:45:02","1.359SOL","151","205.209USDT","FILLED"
"2025-05-03 01:36:38","11814992383","SOLUSDT","Limit","BUY","147.12","1.359SOL","2025-05-03 09:55:44","1.359SOL","147.12","199.93608USDT","FILLED"
"2025-05-02 15:13:10","11811099880","SOLUSDT","Limit","SELL","153.97","1.994SOL","2025-05-06 13:11:15","0SOL","0","0USDT","CANCELED"
"2025-05-02 15:12:29","11811087074","SOLUSDT","Limit","BUY","150.5","1.994SOL","2025-05-02 15:12:29","1.994SOL","150.45","299.9973USDT","FILLED"
"2025-05-01 14:32:24","11800371316","SOLUSDT","Limit","SELL","153.45","6.071SOL","2025-05-01 15:11:19","6.071SOL","153.45","931.59495USDT","FILLED"
"2025-05-01 10:23:13","11797934229","SOLUSDT","Limit","SELL","154.45","6.071SOL","2025-05-01 14:32:24","0SOL","0","0USDT","CANCELED"
"2025-04-30 13:39:08","11786783865","SOLUSDT","Limit","SELL","148.2","0.717SOL","2025-05-01 00:11:02","0.717SOL","148.2","106.2594USDT","FILLED"
"2025-04-30 03:56:11","11782440810","SOLUSDT","Limit","BUY","145.41","0.717SOL","2025-04-30 12:40:04","0.717SOL","145.41","104.25897USDT","FILLED"
"2025-04-30 00:21:17","11780730609","SOLUSDT","Limit","SELL","149.44","1.375SOL","2025-05-01 02:19:09","1.375SOL","149.44","205.48USDT","FILLED"
"2025-04-29 07:03:35","11772665450","SOLUSDT","Limit","SELL","152.54","3.357SOL","2025-05-01 13:23:24","3.357SOL","152.54","512.07678USDT","FILLED"
"2025-04-29 07:03:16","11772663101","SOLUSDT","Limit","BUY","145.41","1.375SOL","2025-04-29 23:10:29","1.375SOL","145.41","199.93875USDT","FILLED"
"2025-04-28 16:16:12","11766260638","SOLUSDT","Limit","SELL","152.41","6.071SOL","2025-05-01 10:22:50","0SOL","0","0USDT","CANCELED"
"2025-04-28 16:14:53","11766243511","SOLUSDT","Limit","BUY","144.21","1.386SOL","2025-04-29 07:03:05","0SOL","0","0USDT","CANCELED"
"2025-04-28 15:23:57","11765465732","SOLUSDT","Limit","BUY","146.14","2.052SOL","2025-04-28 15:23:57","2.052SOL","146.13","299.85876USDT","FILLED"
"2025-04-28 14:08:08","11764428919","SOLUSDT","Limit","BUY","148.44","2.021SOL","2025-04-28 14:08:10","2.021SOL","148.44","299.99724USDT","FILLED"
"2025-04-28 12:39:15","11763285542","SOLUSDT","Limit","BUY","150.1","1.998SOL","2025-04-28 13:25:21","1.998SOL","150.1","299.8998USDT","FILLED"
"2025-04-28 10:56:27","11762354742","SOLUSDT","Limit","SELL","155.12","3.357SOL","2025-04-29 07:03:35","0SOL","0","0USDT","CANCELED"
"2025-04-28 07:04:39","11759607617","SOLUSDT","Limit","SELL","154.05","3.357SOL","2025-04-28 10:55:19","0SOL","0","0USDT","CANCELED"
"2025-04-28 03:09:56","11757377365","SOLUSDT","Limit","SELL","149.25","3.916SOL","2025-04-28 03:32:31","3.916SOL","149.25","584.463USDT","FILLED"
"2025-04-28 03:08:59","11757373591","SOLUSDT","Limit","BUY","145.62","1.854SOL","2025-04-28 03:08:59","1.854SOL","145.62","269.97948USDT","FILLED"
"2025-04-27 09:04:50","11749035615","SOLUSDT","Limit","SELL","151.11","4.084SOL","2025-04-28 06:44:32","4.084SOL","151.11","617.13324USDT","FILLED"
"2025-04-27 02:45:45","11746690027","SOLUSDT","Limit","SELL","149.88","4.084SOL","2025-04-27 09:04:50","0SOL","0","0USDT","CANCELED"
"2025-04-26 14:37:50","11741903233","SOLUSDT","Limit","SELL","152.22","3.357SOL","2025-04-28 07:04:39","0SOL","0","0USDT","CANCELED"
"2025-04-26 11:36:17","11740295768","SOLUSDT","Limit","SELL","152.12","3.154SOL","2025-04-26 11:36:46","0SOL","0","0USDT","CANCELED"
"2025-04-26 09:46:01","11739484815","SOLUSDT","Limit","BUY","145.45","2.062SOL","2025-04-28 01:34:24","2.062SOL","145.45","299.9179USDT","FILLED"
"2025-04-26 09:45:50","11739484058","SOLUSDT","Limit","BUY","146.45","2.048SOL","2025-04-27 01:58:07","2.048SOL","146.45","299.9296USDT","FILLED"
"2025-04-26 09:45:39","11739481702","SOLUSDT","Limit","BUY","147.32","2.036SOL","2025-04-27 01:32:49","2.036SOL","147.32","299.94352USDT","FILLED"
"2025-04-26 09:45:26","11739479264","SOLUSDT","Limit","BUY","148.32","1.348SOL","2025-04-26 11:38:08","1.348SOL","148.32","199.93536USDT","FILLED"
"2025-04-26 09:44:38","11739471190","SOLUSDT","Limit","BUY","149.41","2.009SOL","2025-04-26 09:44:38","2.009SOL","149.39","300.12451USDT","FILLED"
"2025-04-26 02:51:44","2382243444","INJUSDT","Limit","SELL","12","12INJ","2025-04-28 12:39:00","0INJ","0","0USDT","CANCELED"
"2025-04-25 04:37:04","11721623581","SOLUSDT","Limit","SELL","151.31","6.612SOL","2025-04-25 04:37:17","6.612SOL","151.31","1000.46172USDT","FILLED"
"2025-04-25 04:35:01","11721612696","SOLUSDT","Limit","SELL","151.8","6.612SOL","2025-04-25 04:36:44","0SOL","0","0USDT","CANCELED"
"2025-04-25 04:34:12","11721608799","SOLUSDT","Limit","BUY","151.22","6.612SOL","2025-04-25 04:34:12","6.612SOL","151.19","999.66828USDT","FILLED"
"2025-04-24 16:03:33","11714311397","SOLUSDT","Limit","BUY","144.48","2.076SOL","2025-04-25 04:33:57","0SOL","0","0USDT","CANCELED"
"2025-04-24 16:01:40","11714287848","SOLUSDT","Limit","BUY","147.14","2.038SOL","2025-04-25 04:33:57","0SOL","0","0USDT","CANCELED"
"2025-04-24 16:01:02","11714280962","SOLUSDT","Limit","BUY","145.41","2.063SOL","2025-04-25 04:33:57","0SOL","0","0USDT","CANCELED"
"2025-04-24 16:00:50","11714279207","SOLUSDT","Limit","BUY","146.41","2.049SOL","2025-04-25 04:33:57","0SOL","0","0USDT","CANCELED"
"2025-04-24 16:00:19","11714273855","SOLUSDT","Limit","BUY","147.45","2.034SOL","2025-04-24 16:01:15","0SOL","0","0USDT","CANCELED"
"2025-04-24 12:31:17","11710959362","SOLUSDT","Limit","SELL","151.41","7.759SOL","2025-04-24 15:11:29","7.759SOL","151.41","1174.79019USDT","FILLED"
"2025-04-24 08:54:33","11709273171","SOLUSDT","Limit","SELL","149","4.211SOL","2025-04-24 12:29:38","0SOL","0","0USDT","CANCELED"
"2025-04-24 08:43:31","11709056959","SOLUSDT","Limit","SELL","149","3.408SOL","2025-04-24 08:54:18","0SOL","0","0USDT","CANCELED"
"2025-04-24 05:01:47","11707024609","SOLUSDT","Limit","BUY","144.1","2.083SOL","2025-04-24 09:00:00","0SOL","0","0USDT","CANCELED"
"2025-04-24 04:03:11","11706476397","SOLUSDT","Limit","BUY","145.01","0.803SOL","2025-04-24 08:49:11","0.803SOL","145.01","116.44303USDT","FILLED"
"2025-04-24 04:02:57","11706472365","SOLUSDT","Limit","BUY","146.1","1.368SOL","2025-04-24 08:30:53","1.368SOL","146.1","199.8648USDT","FILLED"
"2025-04-24 04:02:35","11706467531","SOLUSDT","Limit","BUY","147.05","2.04SOL","2025-04-24 07:54:09","2.04SOL","147.05","299.982USDT","FILLED"
"2025-04-24 04:02:10","11706463173","SOLUSDT","Limit","SELL","152.11","3.368SOL","2025-04-24 12:29:39","0SOL","0","0USDT","CANCELED"
"2025-04-24 03:45:39","11706249188","SOLUSDT","Limit","BUY","148.44","3.368SOL","2025-04-24 03:48:02","3.368SOL","148.44","499.94592USDT","FILLED"
"2025-04-22 18:25:27","11680307739","SOLUSDT","Limit","BUY","138.5","3.61SOL","2025-04-24 05:01:22","0SOL","0","0USDT","CANCELED"
"2025-04-22 14:34:10","11676415231","SOLUSDT","Limit","SELL","145.88","7.736SOL","2025-04-22 16:00:25","7.736SOL","145.88","1128.52768USDT","FILLED"
"2025-04-21 18:05:20","11665089819","SOLUSDT","Limit","BUY","132.15","3.699SOL","2025-04-22 13:43:59","0SOL","0","0USDT","CANCELED"
"2025-04-21 11:15:16","11659227107","SOLUSDT","Limit","SELL","146.4","7.736SOL","2025-04-22 14:33:50","0SOL","0","0USDT","CANCELED"
"2025-04-21 11:13:31","11659219750","SOLUSDT","Limit","BUY","139.56","0.572SOL","2025-04-21 11:13:31","0.572SOL","139.54","79.81688USDT","FILLED"
"2025-04-21 11:13:08","11659217062","SOLUSDT","Limit","BUY","139.57","7.164SOL","2025-04-21 11:13:08","7.164SOL","139.57","999.87948USDT","FILLED"
"2025-04-21 08:18:31","11658047539","SOLUSDT","Limit","BUY","136.47","3.955SOL","2025-04-21 11:09:08","0SOL","0","0USDT","CANCELED"
"2025-04-21 08:18:01","11658045156","SOLUSDT","Limit","BUY","137.54","3.926SOL","2025-04-21 11:09:11","0SOL","0","0USDT","CANCELED"
"2025-04-20 14:33:16","11649424927","SOLUSDT","Limit","SELL","141.29","7.65SOL","2025-04-21 00:28:14","7.65SOL","141.29","1080.8685USDT","FILLED"
"2025-04-20 11:21:09","11647839868","SOLUSDT","Limit","SELL","140.77","7.65SOL","2025-04-20 14:33:09","0SOL","0","0USDT","CANCELED"
"2025-04-20 08:51:25","11646820474","SOLUSDT","Limit","BUY","138.21","7.65SOL","2025-04-20 10:48:23","7.65SOL","138.21","1057.3065USDT","FILLED"
"2025-04-20 08:50:37","11646814248","SOLUSDT","Limit","BUY","138.42","7.638SOL","2025-04-20 08:51:06","0SOL","0","0USDT","CANCELED"
"2025-04-18 14:55:40","11631365876","SOLUSDT","Limit","SELL","135.44","7.814SOL","2025-04-19 02:08:50","7.814SOL","135.44","1058.32816USDT","FILLED"
"2025-04-18 14:38:32","11631222339","SOLUSDT","Limit","BUY","133.39","7.814SOL","2025-04-18 14:49:08","7.814SOL","133.39","1042.30946USDT","FILLED"
"2025-04-18 12:30:04","11630252191","SOLUSDT","Limit","BUY","133.8","7.79SOL","2025-04-18 12:57:05","0SOL","0","0USDT","CANCELED"
"2025-04-17 13:22:17","11615972065","SOLUSDT","Limit","SELL","135.41","7.699SOL","2025-04-17 17:10:47","7.699SOL","135.41","1042.52159USDT","FILLED"
"2025-04-17 13:21:07","11615961799","SOLUSDT","Limit","BUY","133.39","7.699SOL","2025-04-17 13:21:15","7.699SOL","133.39","1026.96961USDT","FILLED"
"2025-04-15 14:00:40","11578463032","SOLUSDT","Limit","SELL","134.1","7.608SOL","2025-04-17 06:28:08","7.608SOL","134.1","1020.2328USDT","FILLED"
"2025-04-15 13:45:03","11577791273","SOLUSDT","Limit","SELL","134.45","7.608SOL","2025-04-15 14:00:29","0SOL","0","0USDT","CANCELED"
"2025-04-15 12:32:49","11576559475","SOLUSDT","Limit","SELL","134.1","7.608SOL","2025-04-15 12:46:25","0SOL","0","0USDT","CANCELED"
"2025-04-15 12:31:20","11576538117","SOLUSDT","Limit","BUY","131.46","7.608SOL","2025-04-15 12:31:20","7.608SOL","131.46","1000.14768USDT","FILLED"
"2025-04-14 15:40:51","11562498082","SOLUSDT","Limit","SELL","128.81","7.82SOL","2025-04-14 15:40:51","7.82SOL","128.82","1007.3724USDT","FILLED"
"2025-04-14 15:11:36","11561666520","SOLUSDT","Limit","SELL","133.2","7.82SOL","2025-04-14 15:40:45","0SOL","0","0USDT","CANCELED"
"2025-04-14 14:03:32","11559942313","SOLUSDT","Limit","BUY","131.4","7.82SOL","2025-04-14 15:05:07","7.82SOL","131.4","1027.548USDT","FILLED"
"2025-04-12 19:25:20","11524780553","SOLUSDT","Limit","SELL","131.01","4.521SOL","2025-04-12 19:25:23","4.521SOL","131.01","592.29621USDT","FILLED"
"2025-04-12 19:23:43","11524764088","SOLUSDT","Market","BUY","0","3SOL","2025-04-12 19:23:43","3SOL","130.79","392.37USDT","FILLED"
"2025-04-12 19:23:38","11524763140","SOLUSDT","Market","SELL","0","3SOL","2025-04-12 19:23:38","3SOL","130.79","392.37USDT","FILLED"
"2025-04-12 19:22:53","11524754794","SOLUSDT","Market","BUY","0","3SOL","2025-04-12 19:22:53","3SOL","130.96","392.88USDT","FILLED"
"2025-04-12 19:22:48","11524754061","SOLUSDT","Market","SELL","0","3SOL","2025-04-12 19:22:48","3SOL","130.95","392.85USDT","FILLED"
"2025-04-12 19:22:14","11524747593","SOLUSDT","Market","BUY","0","3SOL","2025-04-12 19:22:14","3SOL","131.15","393.45USDT","FILLED"
"2025-04-12 19:22:09","11524747028","SOLUSDT","Market","SELL","0","3SOL","2025-04-12 19:22:09","3SOL","131.12","393.36USDT","FILLED"
"2025-04-12 19:19:39","11524721091","SOLUSDT","Market","BUY","0","3SOL","2025-04-12 19:19:39","3SOL","131.32","393.96USDT","FILLED"
"2025-04-12 19:18:55","11524704926","SOLUSDT","Market","SELL","0","1.5SOL","2025-04-12 19:18:55","1.5SOL","131.44","197.16USDT","FILLED"
"2025-04-12 19:16:53","11524677378","SOLUSDT","Market","BUY","0","1.5SOL","2025-04-12 19:16:53","1.5SOL","131.11","196.665USDT","FILLED"
"2025-04-12 19:16:49","11524676724","SOLUSDT","Market","BUY","0","1.5SOL","2025-04-12 19:16:49","1.5SOL","131.13","196.695USDT","FILLED"
"2025-04-12 19:12:07","11524617196","SOLUSDT","Market","SELL","0","1.5SOL","2025-04-12 19:12:07","1.5SOL","131.41","197.115USDT","FILLED"
"2025-04-12 19:10:11","11524595512","SOLUSDT","Market","BUY","0","1.5SOL","2025-04-12 19:10:11","1.5SOL","131.02","196.53USDT","FILLED"
"2025-04-12 19:07:36","11524558787","SOLUSDT","Market","SELL","0","1.5SOL","2025-04-12 19:07:36","1.5SOL","131.14","196.71USDT","FILLED"
"2025-04-12 19:04:06","11524529912","SOLUSDT","Market","BUY","0","1.5SOL","2025-04-12 19:04:06","1.5SOL","130.84","196.26USDT","FILLED"
"2025-04-12 13:30:16","11519240026","SOLUSDT","Market","SELL","0","2.5SOL","2025-04-12 13:30:16","2.5SOL","126.882092","317.20523USDT","FILLED"
"2025-04-12 13:28:39","11519211288","SOLUSDT","Market","BUY","0","2.5SOL","2025-04-12 13:28:39","2.5SOL","127.18","317.95USDT","FILLED"
"2025-04-12 13:23:49","11519128358","SOLUSDT","Market","SELL","0","2.5SOL","2025-04-12 13:23:49","2.5SOL","126.23","315.575USDT","FILLED"
"2025-04-12 13:22:25","11519099546","SOLUSDT","Market","BUY","0","2.5SOL","2025-04-12 13:22:25","2.5SOL","126.5","316.25USDT","FILLED"
"2025-04-12 13:22:18","11519096379","SOLUSDT","Market","SELL","0","2.5SOL","2025-04-12 13:22:18","2.5SOL","126.61","316.525USDT","FILLED"
"2025-04-12 13:20:53","11519070618","SOLUSDT","Market","BUY","0","2.5SOL","2025-04-12 13:20:53","2.5SOL","126.9","317.25USDT","FILLED"
"2025-04-12 13:17:37","11519010032","SOLUSDT","Market","SELL","0","2.5SOL","2025-04-12 13:17:37","2.5SOL","127.47","318.675USDT","FILLED"
"2025-04-12 13:13:44","11518942270","SOLUSDT","Market","BUY","0","2.5SOL","2025-04-12 13:13:44","2.5SOL","126.72","316.8USDT","FILLED"
"2025-04-12 10:43:38","11517649518","SOLUSDT","Market","SELL","0","2.5SOL","2025-04-12 10:43:38","2.5SOL","124.24","310.6USDT","FILLED"
"2025-04-12 10:17:55","11517501453","SOLUSDT","Market","BUY","0","2.5SOL","2025-04-12 10:17:55","2.5SOL","124.55","311.375USDT","FILLED"
"2025-04-12 10:12:04","11517475142","SOLUSDT","Limit","SELL","124.9","2.5SOL","2025-04-12 11:03:00","2.5SOL","124.9","312.25USDT","FILLED"
"2025-04-12 10:11:10","11517471255","SOLUSDT","Limit","SELL","124.79","2.5SOL","2025-04-12 10:11:19","2.5SOL","124.79","311.975USDT","FILLED"
"2025-04-12 10:10:46","11517467902","SOLUSDT","Limit","SELL","124.9","2.5SOL","2025-04-12 10:11:02","0SOL","0","0USDT","CANCELED"
"2025-04-12 09:12:20","11517098498","SOLUSDT","Market","BUY","0","2.5SOL","2025-04-12 09:12:20","2.5SOL","124.23","310.575USDT","FILLED"
"2025-04-12 08:27:21","11516760100","SOLUSDT","Market","SELL","0","2.5SOL","2025-04-12 08:27:21","2.5SOL","124.49","311.225USDT","FILLED"
"2025-04-12 08:22:25","11516705781","SOLUSDT","Market","BUY","0","2.5SOL","2025-04-12 08:22:25","2.5SOL","124.84","312.1USDT","FILLED"
"2025-04-12 07:31:38","11516045633","SOLUSDT","Market","SELL","0","2.5SOL","2025-04-12 07:31:38","2.5SOL","123.46","308.65USDT","FILLED"
"2025-04-12 07:20:59","11515986637","SOLUSDT","Market","BUY","0","2.5SOL","2025-04-12 07:20:59","2.5SOL","123.05","307.625USDT","FILLED"
"2025-04-12 07:01:30","11515846267","SOLUSDT","Market","SELL","0","2.5SOL","2025-04-12 07:01:30","2.5SOL","122.78","306.95USDT","FILLED"
"2025-04-12 06:51:56","11515777431","SOLUSDT","Market","BUY","0","2.5SOL","2025-04-12 06:51:56","2.5SOL","123.14","307.85USDT","FILLED"
"2025-04-12 06:47:49","11515741242","SOLUSDT","Market","BUY","0","2.5SOL","2025-04-12 06:47:49","2.5SOL","123.35","308.375USDT","FILLED"
"2025-04-12 06:32:45","11515607040","SOLUSDT","Market","SELL","0","2.5SOL","2025-04-12 06:32:45","2.5SOL","123.41","308.525USDT","FILLED"
"2025-04-12 06:21:33","11515502826","SOLUSDT","Market","BUY","0","2.5SOL","2025-04-12 06:21:33","2.5SOL","122.89","307.225USDT","FILLED"
"2025-04-12 06:09:41","11515418313","SOLUSDT","Market","SELL","0","2.5SOL","2025-04-12 06:09:41","2.5SOL","123.05","307.625USDT","FILLED"
"2025-04-12 06:06:05","11515386030","SOLUSDT","Market","BUY","0","2.5SOL","2025-04-12 06:06:05","2.5SOL","122.58","306.45USDT","FILLED"
"2025-04-12 06:04:57","11515375849","SOLUSDT","Market","SELL","0","2.5SOL","2025-04-12 06:04:57","2.5SOL","122.8","307USDT","FILLED"
"2025-04-12 05:49:50","11515268709","SOLUSDT","Market","BUY","0","2.5SOL","2025-04-12 05:49:50","2.5SOL","122.37","305.925USDT","FILLED"
"2025-04-11 18:52:51","11509464163","SOLUSDT","Market","SELL","0","0.1SOL","2025-04-11 18:52:51","0.1SOL","120.12","12.012USDT","FILLED"
"2025-04-11 18:51:46","11509439306","SOLUSDT","Market","BUY","0","0.1SOL","2025-04-11 18:51:46","0.1SOL","119.98","11.998USDT","FILLED"
"2025-04-11 17:27:17","11508002293","SOLUSDT","Limit","SELL","120.08","4.159SOL","2025-04-11 17:27:17","4.159SOL","120.08","499.41272USDT","FILLED"
"2025-04-11 17:26:12","11507995977","SOLUSDT","Limit","SELL","120.22","4.155SOL","2025-04-11 17:27:13","0SOL","0","0USDT","CANCELED"
"2025-04-11 17:21:20","11507941650","SOLUSDT","Limit","SELL","120.31","0.4SOL","2025-04-11 17:21:27","0.4SOL","120.31","48.124USDT","FILLED"
"2025-04-11 10:15:57","11501124089","SOLUSDT","Limit","BUY","101","2SOL","2025-04-14 14:01:59","0SOL","0","0USDT","CANCELED"
"2025-04-09 18:15:37","11470427087","SOLUSDT","Limit","BUY","110","1SOL","2025-04-10 15:37:09","1SOL","110","110USDT","FILLED"
"2025-04-09 18:10:03","27989609274","ETHUSDT","Limit","SELL","1627.6","0.1ETH","2025-04-09 18:10:03","0.1ETH","1627.6","162.76USDT","FILLED"
"2025-04-09 17:24:32","11466318797","SOLUSDT","Limit","SELL","113.57","2SOL","2025-04-09 17:24:32","2SOL","113.57","227.14USDT","FILLED"
"2025-04-08 17:17:40","11439502841","SOLUSDT","Limit","BUY","100","1SOL","2025-04-11 10:15:44","0SOL","0","0USDT","CANCELED"
"2025-04-08 17:14:56","27900784673","ETHUSDT","Limit","BUY","1474.54","0.1061ETH","2025-04-08 17:14:56","0.1061ETH","1473.92","156.382912USDT","FILLED"
"2025-04-07 18:14:43","11419428778","SOLUSDT","Limit","BUY","100","1.5SOL","2025-04-08 17:14:13","0SOL","0","0USDT","CANCELED"
"2025-04-07 18:14:08","11419417845","SOLUSDT","Limit","SELL","106.92","0.5SOL","2025-04-07 18:14:08","0.5SOL","106.92","53.46USDT","FILLED"
"2025-04-07 12:46:54","11404560719","SOLUSDT","Limit","SELL","120","2SOL","2025-04-09 17:24:56","0SOL","0","0USDT","CANCELED"
"2025-04-07 12:46:35","11404554590","SOLUSDT","Limit","BUY","101.03","2SOL","2025-04-07 12:46:36","2SOL","101.03","202.06USDT","FILLED"
"2025-04-06 17:40:36","2349758861","INJUSDT","Limit","BUY","7.46","20INJ","2025-04-06 17:40:36","20INJ","7.46","149.2USDT","FILLED"
"2025-04-06 17:39:39","11370913167","SOLUSDT","Limit","BUY","105","1SOL","2025-04-06 17:40:26","0SOL","0","0USDT","CANCELED"
"2025-04-06 17:39:22","11370907823","SOLUSDT","Limit","SELL","136","1.7SOL","2025-04-11 10:15:15","0SOL","0","0USDT","CANCELED"
"2025-04-06 17:38:32","11370892248","SOLUSDT","Limit","SELL","125","1.771SOL","2025-04-09 17:25:00","0SOL","0","0USDT","CANCELED"
"2025-04-06 17:38:01","11370881970","SOLUSDT","Limit","BUY","112.88","1.771SOL","2025-04-06 17:38:01","1.771SOL","112.88","199.91048USDT","FILLED"
"2025-04-03 12:50:54","11325783622","SOLUSDT","Limit","SELL","130","1.765SOL","2025-04-06 17:38:58","0SOL","0","0USDT","CANCELED"
"2025-04-03 12:50:20","11325755143","SOLUSDT","Limit","BUY","113.49","1.765SOL","2025-04-03 12:50:20","1.765SOL","113.49","200.30985USDT","FILLED"
"2025-04-03 07:50:12","11321642259","SOLUSDT","Limit","SELL","136","1.6SOL","2025-04-06 17:38:53","0SOL","0","0USDT","CANCELED"
"2025-04-03 07:49:18","11321637662","SOLUSDT","Limit","BUY","118.4","1.689SOL","2025-04-03 07:49:18","1.689SOL","118.37","199.92693USDT","FILLED"
"2025-03-29 12:41:26","11251573905","SOLUSDT","Limit","SELL","140","1.59SOL","2025-03-29 12:41:26","0SOL","0","0USDT","NEW"
"2025-03-29 12:40:38","11251568685","SOLUSDT","Limit","BUY","125.4","1.594SOL","2025-03-29 12:40:47","1.594SOL","125.4","199.8876USDT","FILLED"
"2025-03-24 12:45:50","7672481722","BNBUSDT","Limit","SELL","628.51","0.107BNB","2025-03-24 12:45:50","0.107BNB","628.51","67.25057USDT","FILLED"
"2025-03-24 12:45:17","11180842967","SOLUSDT","Limit","SELL","175","2SOL","2025-03-24 12:45:17","0SOL","0","0USDT","NEW"
"2025-03-24 12:44:50","11180839614","SOLUSDT","Limit","SELL","142.81","1.5SOL","2025-03-24 12:45:12","1.5SOL","142.81","214.215USDT","FILLED"
"2025-03-17 14:34:57","11103177126","SOLUSDT","Limit","SELL","127.2","2SOL","2025-03-17 14:35:19","2SOL","127.2","254.4USDT","FILLED"
"2025-03-17 13:37:16","11102207598","SOLUSDT","Limit","SELL","130","2SOL","2025-03-17 14:34:52","0SOL","0","0USDT","CANCELED"
"2025-03-17 13:05:37","11101758575","SOLUSDT","Limit","SELL","135","2SOL","2025-03-17 13:37:07","0SOL","0","0USDT","CANCELED"
"2025-03-17 13:05:18","11101753555","SOLUSDT","Limit","BUY","127.05","2SOL","2025-03-17 13:05:18","2SOL","127.04","254.08USDT","FILLED"
"2025-03-15 10:22:06","11078656398","SOLUSDT","Limit","SELL","133.41","1SOL","2025-03-15 11:51:58","1SOL","133.41","133.41USDT","FILLED"
"2025-03-15 10:21:09","11078651896","SOLUSDT","Limit","BUY","133.1","1SOL","2025-03-15 10:21:09","1SOL","133.1","133.1USDT","FILLED"
"2025-03-15 09:53:37","11078528155","SOLUSDT","Limit","BUY","133.22","1SOL","2025-03-15 09:59:54","0SOL","0","0USDT","CANCELED"
"2025-03-15 09:52:33","11078522979","SOLUSDT","Limit","BUY","133.19","1SOL","2025-03-15 09:53:28","0SOL","0","0USDT","CANCELED"
"2025-03-15 09:50:16","11078510909","SOLUSDT","Limit","SELL","133.3","1SOL","2025-03-15 09:51:36","1SOL","133.3","133.3USDT","FILLED"
"2025-03-15 09:48:57","11078505269","SOLUSDT","Limit","BUY","133.19","1SOL","2025-03-15 09:49:49","1SOL","133.19","133.19USDT","FILLED"
"2025-03-14 15:21:58","2306164162","INJUSDT","Limit","SELL","12.2","15INJ","2025-03-14 15:21:58","0INJ","0","0USDT","NEW"
"2025-03-14 15:21:24","11069316998","SOLUSDT","Limit","SELL","180","2SOL","2025-03-14 15:21:24","0SOL","0","0USDT","NEW"
"2025-03-14 15:21:09","11069306614","SOLUSDT","Limit","SELL","150","1.5SOL","2025-03-14 15:21:09","0SOL","0","0USDT","NEW"
"2025-03-14 07:40:09","11063434141","SOLUSDT","Limit","BUY","110","2SOL","2025-03-17 13:05:10","0SOL","0","0USDT","CANCELED"
"2025-03-13 17:59:59","11057369086","SOLUSDT","Limit","BUY","112","0.892SOL","2025-03-14 07:39:40","0SOL","0","0USDT","CANCELED"
"2025-03-13 17:59:00","2304328644","INJUSDT","Limit","SELL","12","10INJ","2025-03-14 15:20:48","0INJ","0","0USDT","CANCELED"
"2025-03-13 17:58:22","2304327676","INJUSDT","Limit","BUY","8.94","11.18INJ","2025-03-13 17:58:42","11.18INJ","8.94","99.9492USDT","FILLED"
"2025-03-10 14:17:32","10981489435","SOLUSDT","Limit","BUY","121.81","0.796SOL","2025-03-10 14:17:32","0.796SOL","121.45","96.6742USDT","FILLED"
"2025-03-09 16:54:50","10957722073","SOLUSDT","Limit","SELL","140","1SOL","2025-03-14 07:39:28","0SOL","0","0USDT","CANCELED"
"2025-03-09 16:54:15","10957707785","SOLUSDT","Limit","BUY","127.98","1SOL","2025-03-09 16:55:47","1SOL","127.98","127.98USDT","FILLED"
"2025-03-09 13:58:37","10954018256","SOLUSDT","Limit","BUY","129","1SOL","2025-03-09 16:36:58","1SOL","129","129USDT","FILLED"
"2025-03-09 13:58:10","10954010306","SOLUSDT","Limit","SELL","148","1.121SOL","2025-03-14 15:20:46","0SOL","0","0USDT","CANCELED"
"2025-03-09 13:57:19","10953993305","SOLUSDT","Limit","BUY","133.75","1.121SOL","2025-03-09 13:57:19","1.121SOL","133.65","149.82165USDT","FILLED"
"2025-03-04 16:29:55","10838623158","SOLUSDT","Limit","BUY","125","0.6SOL","2025-03-09 13:57:00","0SOL","0","0USDT","CANCELED"
"2025-03-04 16:19:01","2270199193","INJUSDT","Limit","SELL","15.5","45.24INJ","2025-03-10 14:17:39","0INJ","0","0USDT","CANCELED"
"2025-03-04 16:16:10","10837929545","SOLUSDT","Limit","BUY","137.28","0.364SOL","2025-03-04 16:16:10","0.364SOL","137.26","49.96264USDT","FILLED"
"2025-03-04 16:15:52","10837917271","SOLUSDT","Limit","BUY","130","0.384SOL","2025-03-09 13:57:09","0SOL","0","0USDT","CANCELED"
"2025-03-04 16:14:45","10837870496","SOLUSDT","Limit","SELL","165","2.87SOL","2025-03-06 08:25:23","0SOL","0","0USDT","CANCELED"
"2025-03-04 16:14:05","10837845073","SOLUSDT","Limit","BUY","115","1.739SOL","2025-03-09 13:57:07","0SOL","0","0USDT","CANCELED"
"2025-03-04 16:13:53","10837838709","SOLUSDT","Limit","BUY","120","0.833SOL","2025-03-09 13:57:06","0SOL","0","0USDT","CANCELED"
"2025-03-04 16:13:40","10837831959","SOLUSDT","Limit","BUY","130","0.769SOL","2025-03-04 16:15:39","0SOL","0","0USDT","CANCELED"
"2025-03-04 12:45:07","2269163333","INJUSDT","Limit","BUY","11","4.54INJ","2025-03-04 12:45:07","4.54INJ","11","49.94USDT","FILLED"
"2025-03-04 12:44:31","10827283372","SOLUSDT","Limit","BUY","136.84","0.73SOL","2025-03-04 12:48:46","0.73SOL","136.84","99.8932USDT","FILLED"
"2025-03-04 02:57:59","10814962508","SOLUSDT","Limit","BUY","136.83","0.731SOL","2025-03-04 02:58:02","0.731SOL","136.83","100.02273USDT","FILLED"
"2025-03-04 00:05:07","10806740662","SOLUSDT","Limit","SELL","180","1.411SOL","2025-03-04 16:14:18","0SOL","0","0USDT","CANCELED"
"2025-03-04 00:04:25","10806726373","SOLUSDT","Limit","BUY","141.74","1.412SOL","2025-03-04 00:04:25","1.412SOL","141.71","200.09452USDT","FILLED"
"2025-03-02 16:43:27","2260039774","INJUSDT","Limit","SELL","15.5","40.7INJ","2025-03-04 16:18:41","0INJ","0","0USDT","CANCELED"
"2025-03-02 16:42:48","10743155191","SOLUSDT","Limit","SELL","174.13","1.241SOL","2025-03-02 16:42:48","1.241SOL","174.13","216.09533USDT","FILLED"
"2025-03-01 06:36:37","10713642267","SOLUSDT","Limit","SELL","155","1.24SOL","2025-03-02 15:28:21","1.24SOL","155","192.2USDT","FILLED"
"2025-03-01 06:36:10","2255962810","INJUSDT","Limit","SELL","15.5","14.19INJ","2025-03-02 16:42:56","0INJ","0","0USDT","CANCELED"
"2025-03-01 06:35:22","10713629025","SOLUSDT","Limit","SELL","151","1.24SOL","2025-03-01 06:36:18","0SOL","0","0USDT","CANCELED"
"2025-02-28 14:11:53","2254170156","INJUSDT","Limit","SELL","16.55","32.95INJ","2025-02-28 14:12:26","0INJ","0","0USDT","CANCELED"
"2025-02-28 14:11:18","10696401503","SOLUSDT","Limit","SELL","154","2.481SOL","2025-02-28 14:12:24","0SOL","0","0USDT","CANCELED"
"2025-02-28 14:10:22","2254161982","INJUSDT","Limit","SELL","16.5","7.75INJ","2025-02-28 14:12:23","0INJ","0","0USDT","CANCELED"
"2025-02-28 08:24:16","25885232811","ETHUSDT","Limit","BUY","2082.51","0.048ETH","2025-02-28 08:24:16","0.048ETH","2081.59","99.91632USDT","FILLED"
"2025-02-28 03:11:58","25857884649","ETHUSDT","Limit","BUY","2183.55","0.0458ETH","2025-02-28 03:11:58","0.0458ETH","2182.74","99.969492USDT","FILLED"
"2025-02-28 03:10:12","25857743556","ETHUSDT","Limit","BUY","2184.28","0.1373ETH","2025-02-28 03:10:12","0.1373ETH","2183.8","299.83574USDT","FILLED"
"2025-02-26 14:25:38","2246228483","INJUSDT","Limit","BUY","12.88","7.76INJ","2025-02-26 14:25:38","7.76INJ","12.88","99.9488USDT","FILLED"
"2025-02-25 12:34:10","10605421697","SOLUSDT","Limit","SELL","152","2.481SOL","2025-02-28 14:10:44","0SOL","0","0USDT","CANCELED"
"2025-02-25 12:33:39","2242927115","INJUSDT","Limit","SELL","17","32.95INJ","2025-02-28 14:11:26","0INJ","0","0USDT","CANCELED"
"2025-02-25 10:03:22","2242454567","INJUSDT","Limit","BUY","13","3.84INJ","2025-02-25 10:08:12","3.84INJ","13","49.92USDT","FILLED"
"2025-02-25 07:28:54","2241860044","INJUSDT","Limit","BUY","13.03","3.84INJ","2025-02-25 07:28:54","3.84INJ","13.02","49.9968USDT","FILLED"
"2025-02-25 04:06:00","10586767524","SOLUSDT","Limit","BUY","136.8","1.461SOL","2025-02-25 04:11:29","1.461SOL","136.8","199.8648USDT","FILLED"
"2025-02-25 04:04:53","10586696670","SOLUSDT","Limit","SELL","150","1.021SOL","2025-02-25 12:33:44","0SOL","0","0USDT","CANCELED"
"2025-02-25 04:04:13","10586653123","SOLUSDT","Limit","BUY","136.84","0.292SOL","2025-02-25 04:04:13","0.292SOL","136.77","39.93684USDT","FILLED"
"2025-02-25 04:03:14","10586576244","SOLUSDT","Limit","BUY","137.06","0.731SOL","2025-02-25 04:03:19","0.731SOL","137.06","100.19086USDT","FILLED"
"2025-02-25 02:17:13","2240820129","INJUSDT","Limit","BUY","13.1","15.26INJ","2025-02-25 07:24:34","15.26INJ","13.1","199.906USDT","FILLED"
"2025-02-22 10:35:04","2233715056","INJUSDT","Limit","SELL","16.5","10.03INJ","2025-02-25 04:04:59","0INJ","0","0USDT","CANCELED"
"2025-02-21 12:49:20","2230985986","INJUSDT","Limit","BUY","13.49","14.82INJ","2025-02-25 02:16:49","0INJ","0","0USDT","CANCELED"
"2025-02-21 12:49:05","2230984966","INJUSDT","Limit","BUY","14","14.28INJ","2025-02-24 07:07:18","0INJ","0","0USDT","CANCELED"
"2025-02-21 12:48:27","2230983680","INJUSDT","Limit","SELL","17.48","10.03INJ","2025-02-22 10:34:50","0INJ","0","0USDT","CANCELED"
"2025-02-21 12:40:07","2230962867","INJUSDT","Limit","BUY","13.5","14.81INJ","2025-02-21 12:40:16","0INJ","0","0USDT","CANCELED"
"2025-02-20 09:15:19","2227687887","INJUSDT","Limit","SELL","17.2","8.72INJ","2025-02-21 12:40:23","0INJ","0","0USDT","CANCELED"
"2025-02-20 09:14:48","2227686069","INJUSDT","Limit","SELL","16.4","12.19INJ","2025-02-21 09:18:22","12.19INJ","16.4","199.916USDT","FILLED"
"2025-02-20 09:14:22","2227685047","INJUSDT","Limit","BUY","13.4","14.92INJ","2025-02-21 12:48:32","0INJ","0","0USDT","CANCELED"
"2025-02-20 09:14:03","2227684688","INJUSDT","Limit","SELL","18","6INJ","2025-02-20 09:14:29","0INJ","0","0USDT","CANCELED"
"2025-02-20 09:13:46","2227684436","INJUSDT","Limit","SELL","16.4","16INJ","2025-02-20 09:14:26","0INJ","0","0USDT","CANCELED"
"2025-02-18 17:14:54","2222301964","INJUSDT","Limit","BUY","13.48","14.83INJ","2025-02-18 17:15:01","14.83INJ","13.48","199.9084USDT","FILLED"
"2025-02-13 14:24:37","2206747010","INJUSDT","Limit","BUY","13.5","7.4INJ","2025-02-18 16:35:09","7.4INJ","13.5","99.9USDT","FILLED"
"2025-02-12 15:46:41","2203508922","INJUSDT","Limit","SELL","16","22.18INJ","2025-02-17 13:16:48","22.18INJ","16","354.88USDT","FILLED"
"2025-02-10 07:12:09","2195179705","INJUSDT","Limit","BUY","13","15.38INJ","2025-02-10 07:12:09","0INJ","0","0USDT","NEW"
"2025-02-10 07:11:56","2195179492","INJUSDT","Limit","BUY","13.5","22.22INJ","2025-02-12 13:38:09","22.22INJ","13.5","299.97USDT","FILLED"
"2025-01-21 13:29:18","6923982468","BNBUSDT","Limit","BUY","688.9","0.008BNB","2025-01-21 13:29:18","0.008BNB","688.88","5.51104USDT","FILLED"
"2025-01-21 13:28:53","6923979237","BNBUSDT","Limit","BUY","688.44","0.008BNB","2025-01-21 13:29:10","0BNB","0","0USDT","CANCELED"
"2025-01-06 09:08:20","2999599598","VETUSDT","Limit","BUY","0.05062","1975.8VET","2025-01-06 09:26:05","1975.8VET","0.05062","100.014996USDT","FILLED"
"2025-01-06 09:07:50","5821512074","ADAUSDT","Limit","BUY","1.0763","92.8ADA","2025-01-06 09:07:50","92.8ADA","1.0763","99.88064USDT","FILLED"
"2025-01-06 09:07:05","5323029137","FLOKIUSDT","Limit","SELL","0.0001957","510725FLOKI","2025-01-06 09:07:09","510725FLOKI","0.0001957","99.9488825USDT","FILLED"
"2025-01-06 09:06:38","7915050936","DOGEUSDT","Limit","SELL","0.3829","522DOGE","2025-01-06 09:06:38","522DOGE","0.38299","199.92078USDT","FILLED"
"2025-01-06 09:06:14","4341177663","SHIBUSDT","Limit","SELL","0.00002382","4194630SHIB","2025-01-06 09:06:14","4194630SHIB","0.00002382","99.9160866USDT","FILLED"
"2025-01-06 09:05:38","7915044834","DOGEUSDT","Limit","SELL","0.38301","522DOGE","2025-01-06 09:06:17","0DOGE","0","0USDT","CANCELED"
"2025-01-05 11:32:58","2997376218","VETUSDT","Limit","BUY","0.05025","1989.2VET","2025-01-05 11:33:04","1989.2VET","0.05025","99.9573USDT","FILLED"
"2024-12-29 22:33:06","5189284242","FLOKIUSDT","Limit","BUY","0.00017181","581632FLOKI","2024-12-29 22:33:06","581632FLOKI","0.0001718","99.9243776USDT","FILLED"
"2024-12-29 22:06:55","4282954686","SHIBUSDT","Limit","BUY","0.00002154","4642525SHIB","2024-12-29 22:06:55","4642525SHIB","0.00002154","99.9999885USDT","FILLED"
"2024-12-29 22:06:18","4282953199","SHIBUSDT","Limit","BUY","0.00002152","4651162SHIB","2024-12-29 22:06:37","0SHIB","0","0USDT","CANCELED"
"2024-12-29 22:05:43","4282949641","SHIBUSDT","Limit","BUY","0.0000215","4651162SHIB","2024-12-29 22:06:13","0SHIB","0","0USDT","CANCELED"
"2024-12-24 14:54:21","7697631278","DOGEUSDT","Limit","BUY","0.33227","601DOGE","2024-12-24 14:54:21","601DOGE","0.33205","199.56205USDT","FILLED"
"2023-11-22 18:13:09","14836409580","ETHUSDT","Limit","BUY","1960","0.5454ETH","2023-12-08 09:26:20","0ETH","0","0USDT","CANCELED"
"2023-11-22 04:28:50","14828152257","ETHUSDT","Limit","BUY","1951","0.7688ETH","2023-12-08 09:26:21","0ETH","0","0USDT","CANCELED"
"2023-11-22 01:07:34","14826885421","ETHUSDT","Limit","BUY","1935","0.5167ETH","2023-11-22 04:27:46","0ETH","0","0USDT","CANCELED"
"2023-11-21 23:50:32","14825935729","ETHUSDT","Limit","SELL","1979","0.7829ETH","2023-11-22 03:25:56","0.7829ETH","1979","1549.3591USDT","FILLED"
"2023-11-21 23:49:57","14825929659","ETHUSDT","Limit","BUY","1942.81","0.5146ETH","2023-11-21 23:49:57","0.5146ETH","1942.66","999.692836USDT","FILLED"
"2023-11-21 17:49:11","14821004777","ETHUSDT","Limit","SELL","1999","1.0119ETH","2023-11-21 20:40:41","1.0119ETH","1999","2022.7881USDT","FILLED"
"2023-11-21 17:47:14","14820951981","ETHUSDT","Limit","SELL","1990","1.0119ETH","2023-11-21 17:48:44","0ETH","0","0USDT","CANCELED"
"2023-11-21 17:46:25","14820921234","ETHUSDT","Limit","BUY","1950","0.2691ETH","2023-11-21 22:32:34","0.2691ETH","1950","524.745USDT","FILLED"
"2023-11-21 17:45:58","14820902726","ETHUSDT","Limit","BUY","1968.55","0.2544ETH","2023-11-21 17:46:01","0.2544ETH","1968.55","500.79912USDT","FILLED"
"2023-11-21 17:41:01","14820740203","ETHUSDT","Limit","SELL","2004","0.5042ETH","2023-11-21 17:46:01","0ETH","0","0USDT","CANCELED"
"2023-11-21 17:40:31","14820729004","ETHUSDT","Limit","BUY","1970","0.2538ETH","2023-11-21 17:44:53","0.2538ETH","1970","499.986USDT","FILLED"
"2023-11-21 17:39:25","14820700851","ETHUSDT","Limit","BUY","1981.51","0.5047ETH","2023-11-21 17:39:27","0.5047ETH","1981.51","1000.068097USDT","FILLED"
"2023-11-20 14:46:20","14804630059","ETHUSDT","Limit","SELL","2029.23","1.2459ETH","2023-11-20 14:46:24","1.2459ETH","2029.23","2528.217657USDT","FILLED"
"2023-11-17 17:49:18","14777874694","ETHUSDT","Limit","SELL","2047","1.2459ETH","2023-11-20 10:31:30","0ETH","0","0USDT","CANCELED"
"2023-11-17 17:49:08","14777873241","ETHUSDT","Limit","SELL","2050","1.2459ETH","2023-11-17 17:49:11","0ETH","0","0USDT","CANCELED"
"2023-11-17 14:47:30","14774786845","ETHUSDT","Limit","BUY","1935.65","0.1699ETH","2023-11-17 14:47:31","0.1699ETH","1935.65","328.866935USDT","FILLED"
"2023-11-17 12:28:57","14773050414","ETHUSDT","Limit","BUY","1955.25","0.1022ETH","2023-11-17 12:29:11","0.1022ETH","1955.25","199.82655USDT","FILLED"
"2023-11-17 11:29:51","14772485316","ETHUSDT","Limit","BUY","1968.61","0.2546ETH","2023-11-17 11:29:51","0.2546ETH","1968.61","501.208106USDT","FILLED"
"2023-11-17 06:00:17","14769527304","ETHUSDT","Limit","BUY","1977.58","0.1011ETH","2023-11-17 06:01:47","0.1011ETH","1977.58","199.933338USDT","FILLED"
"2023-11-17 04:30:16","14768722204","ETHUSDT","Limit","BUY","1985.5","0.6193ETH","2023-11-17 04:30:16","0.6193ETH","1985.2","1229.43436USDT","FILLED"
"2023-11-17 04:29:28","1046227760","BUSDUSDT","Limit","SELL","0.9997","2460BUSD","2023-11-17 04:29:28","2460BUSD","0.9997","2459.262USDT","FILLED"
"2023-11-13 12:55:52","14717228566","ETHUSDT","Limit","SELL","2058","0.6365ETH","2023-11-13 14:05:42","0.6365ETH","2058","1309.917USDT","FILLED"
"2023-11-13 11:57:27","14716725711","ETHUSDT","Limit","SELL","2057","0.6365ETH","2023-11-13 12:55:14","0ETH","0","0USDT","CANCELED"
"2023-11-13 11:34:10","14716477756","ETHUSDT","Limit","BUY","2043","0.6372ETH","2023-11-13 11:34:16","0.6372ETH","2043","1301.7996USDT","FILLED"
"2023-11-13 09:01:34","14715424636","ETHUSDT","Limit","BUY","2041","0.6369ETH","2023-11-13 10:42:57","0ETH","0","0USDT","CANCELED"
"2023-11-13 08:41:57","14715261246","ETHUSDT","Limit","SELL","2058.2","1.3292ETH","2023-11-13 08:41:57","1.3292ETH","2058.2","2735.75944USDT","FILLED"
"2023-11-13 07:46:14","14714852945","ETHUSDT","Limit","SELL","2059","1.3292ETH","2023-11-13 08:41:41","0ETH","0","0USDT","CANCELED"
"2023-11-13 06:57:45","14714247825","ETHUSDT","Limit","SELL","2059","1.3292ETH","2023-11-13 07:45:36","0ETH","0","0USDT","CANCELED"
"2023-11-13 06:33:19","14713653333","ETHUSDT","Limit","SELL","2049","1.3292ETH","2023-11-13 06:57:33","0ETH","0","0USDT","CANCELED"
"2023-11-13 06:26:09","14713476064","ETHUSDT","Limit","BUY","2033.88","0.3044ETH","2023-11-13 06:26:26","0.3044ETH","2033.88","619.113072USDT","FILLED"
"2023-11-13 05:41:47","14712537148","ETHUSDT","Limit","SELL","2057","1.0251ETH","2023-11-13 06:32:51","0ETH","0","0USDT","CANCELED"
"2023-11-13 04:08:12","14711429634","ETHUSDT","Limit","BUY","2033","0.1475ETH","2023-11-13 05:22:24","0.1475ETH","2033","299.8675USDT","FILLED"
"2023-11-13 03:23:48","14710905144","ETHUSDT","Limit","BUY","2044.5","0.1467ETH","2023-11-13 03:41:29","0.1467ETH","2044.5","299.92815USDT","FILLED"
"2023-11-13 03:23:23","14710896374","ETHUSDT","Limit","SELL","2057","0.7312ETH","2023-11-13 05:40:57","0ETH","0","0USDT","CANCELED"
"2023-11-13 03:22:51","14710890424","ETHUSDT","Limit","BUY","2050","0.7319ETH","2023-11-13 03:22:51","0.7319ETH","2049.67","1500.153473USDT","FILLED"
"2023-11-12 15:10:08","14705452023","ETHUSDT","Limit","SELL","2060.28","1.0296ETH","2023-11-12 15:10:08","1.0296ETH","2060.28","2121.264288USDT","FILLED"
"2023-11-12 09:33:37","14703433071","ETHUSDT","Limit","SELL","2079","0.5148ETH","2023-11-12 15:09:45","0ETH","0","0USDT","CANCELED"
"2023-11-12 09:32:38","14703427691","ETHUSDT","Limit","SELL","2080","1.0296ETH","2023-11-12 09:33:29","0ETH","0","0USDT","CANCELED"
"2023-11-12 00:52:58","14700263581","ETHUSDT","Limit","SELL","2070","0.3403ETH","2023-11-12 09:32:23","0ETH","0","0USDT","CANCELED"
"2023-11-12 00:52:20","14700251211","ETHUSDT","Limit","BUY","2016","0.3472ETH","2023-11-12 00:52:39","0ETH","0","0USDT","CANCELED"
"2023-11-11 19:23:39","14697595504","ETHUSDT","Limit","SELL","2105","0.6893ETH","2023-11-12 09:32:24","0ETH","0","0USDT","CANCELED"
"2023-11-11 19:23:13","14697592727","ETHUSDT","Limit","BUY","2054","0.3407ETH","2023-11-11 21:27:24","0.3407ETH","2054","699.7978USDT","FILLED"
"2023-11-11 14:30:02","14695200806","ETHUSDT","Limit","SELL","2089","0.279ETH","2023-11-11 16:55:18","0.279ETH","2089","582.831USDT","FILLED"
"2023-11-11 14:29:55","14695199140","ETHUSDT","Limit","SELL","2083","0.3ETH","2023-11-11 14:47:53","0.3ETH","2083","624.9USDT","FILLED"
"2023-11-11 01:16:20","14688734548","ETHUSDT","Limit","SELL","2089","0.337ETH","2023-11-11 14:29:12","0ETH","0","0USDT","CANCELED"
"2023-11-11 01:15:06","14688721410","ETHUSDT","Limit","BUY","2064","0.2422ETH","2023-11-11 01:24:04","0.2422ETH","2064","499.9008USDT","FILLED"
"2023-11-11 00:54:14","14688563025","ETHUSDT","Limit","BUY","2072","0.1447ETH","2023-11-11 01:14:42","0ETH","0","0USDT","CANCELED"
"2023-11-10 19:35:11","14686691490","ETHUSDT","Limit","SELL","2114","0.6893ETH","2023-11-11 19:23:20","0ETH","0","0USDT","CANCELED"
"2023-11-10 19:34:23","14686688581","ETHUSDT","Limit","SELL","2115","0.6893ETH","2023-11-10 19:35:01","0ETH","0","0USDT","CANCELED"
"2023-11-10 19:34:00","14686686598","ETHUSDT","Limit","BUY","2078","0.3373ETH","2023-11-10 22:40:18","0.3373ETH","2078","700.9094USDT","FILLED"
"2023-11-10 19:33:13","14686681634","ETHUSDT","Limit","BUY","2091.66","0.3347ETH","2023-11-10 19:33:17","0.3347ETH","2091.66","700.078602USDT","FILLED"
"2023-11-10 19:32:40","14686678234","ETHUSDT","Limit","SELL","2115","0.355ETH","2023-11-10 19:33:32","0ETH","0","0USDT","CANCELED"
"2023-11-10 19:32:23","14686676744","ETHUSDT","Limit","SELL","2115","0.355ETH","2023-11-10 19:32:26","0ETH","0","0USDT","CANCELED"
"2023-11-10 18:11:09","14686097903","ETHUSDT","Limit","SELL","2115","0.355ETH","2023-11-10 19:31:31","0ETH","0","0USDT","CANCELED"
"2023-11-10 18:10:54","14686095051","ETHUSDT","Limit","SELL","2101.21","0.355ETH","2023-11-10 18:10:56","0.355ETH","2101.21","745.92955USDT","FILLED"
"2023-11-10 16:11:44","14685013287","ETHUSDT","Limit","SELL","2109","0.71ETH","2023-11-10 16:14:34","0ETH","0","0USDT","CANCELED"
"2023-11-10 14:18:35","14683647726","ETHUSDT","Limit","SELL","2092","0.2413ETH","2023-11-10 15:35:06","0.2413ETH","2092","504.7996USDT","FILLED"
"2023-11-10 14:18:00","14683638074","ETHUSDT","Limit","BUY","2077.08","0.2407ETH","2023-11-10 14:18:01","0.2407ETH","2077.08","499.953156USDT","FILLED"
"2023-11-10 12:15:04","14682013281","ETHUSDT","Limit","SELL","2096","0.3349ETH","2023-11-10 16:07:00","0.3349ETH","2096","701.9504USDT","FILLED"
"2023-11-10 12:14:11","14681992513","ETHUSDT","Limit","BUY","2076.66","0.3092ETH","2023-11-10 12:14:14","0.3092ETH","2076.66","642.103272USDT","FILLED"
"2023-11-10 10:52:13","14680857634","ETHUSDT","Limit","BUY","2084","0.2399ETH","2023-11-10 12:13:04","0.2399ETH","2084","499.9516USDT","FILLED"
"2023-11-10 10:51:58","14680855778","ETHUSDT","Limit","SELL","2105","0.5ETH","2023-11-10 11:35:47","0.5ETH","2105","1052.5USDT","FILLED"
"2023-11-10 10:51:07","14680846106","ETHUSDT","Limit","BUY","2092.92","0.2389ETH","2023-11-10 10:51:08","0.2389ETH","2092.92","499.998588USDT","FILLED"
"2023-11-10 08:34:44","14679755633","ETHUSDT","Limit","BUY","2093.45","0.1433ETH","2023-11-10 08:34:44","0.1433ETH","2093.34","299.975622USDT","FILLED"
"2023-11-10 08:34:27","14679753156","ETHUSDT","Limit","BUY","2092.55","0.1433ETH","2023-11-10 08:34:46","0ETH","0","0USDT","CANCELED"
"2023-11-10 07:41:24","14679050749","ETHUSDT","Limit","SELL","2119","0.6153ETH","2023-11-10 10:51:34","0ETH","0","0USDT","CANCELED"
"2023-11-10 07:16:25","14678791493","ETHUSDT","Limit","BUY","2105","0.1425ETH","2023-11-10 07:19:24","0.1425ETH","2105","299.9625USDT","FILLED"
"2023-11-10 07:01:17","14678656224","ETHUSDT","Limit","SELL","2119","0.473ETH","2023-11-10 07:41:15","0ETH","0","0USDT","CANCELED"
"2023-11-10 07:01:00","14678653987","ETHUSDT","Limit","BUY","2110","0.2369ETH","2023-11-10 07:01:00","0.2369ETH","2110","499.859USDT","FILLED"
"2023-11-10 05:15:27","14677486185","ETHUSDT","Limit","SELL","2126","0.2362ETH","2023-11-10 05:21:51","0.2362ETH","2126","502.1612USDT","FILLED"
"2023-11-10 05:14:54","14677479765","ETHUSDT","Limit","BUY","2113","0.2366ETH","2023-11-10 06:18:20","0.2366ETH","2113","499.9358USDT","FILLED"
"2023-11-10 05:14:35","14677477422","ETHUSDT","Limit","SELL","2130","0.2362ETH","2023-11-10 05:15:18","0ETH","0","0USDT","CANCELED"
"2023-11-10 04:17:13","14676648161","ETHUSDT","Limit","BUY","2114.99","0.2364ETH","2023-11-10 04:17:13","0.2364ETH","2114.74","499.924536USDT","FILLED"
"2023-11-09 12:50:17","14663143833","ETHUSDT","Limit","BUY","1903","0.5254ETH","2023-11-09 13:38:23","0ETH","0","0USDT","CANCELED"
"2023-11-09 08:52:40","14661349971","ETHUSDT","Limit","SELL","1917.34","0.2612ETH","2023-11-09 08:52:40","0.2612ETH","1917.44","500.835328USDT","FILLED"
"2023-11-09 07:57:12","14661065548","ETHUSDT","Limit","BUY","1911.62","0.2615ETH","2023-11-09 07:57:12","0.2615ETH","1911.49","499.854635USDT","FILLED"
"2023-11-08 16:31:31","14652920260","ETHUSDT","Limit","BUY","1881","0.2659ETH","2023-11-09 05:23:43","0ETH","0","0USDT","CANCELED"
"2023-11-08 15:42:20","14652621252","ETHUSDT","Limit","BUY","1880.42","0.5317ETH","2023-11-08 16:31:12","0ETH","0","0USDT","CANCELED"
"2023-11-08 06:29:30","14649618055","ETHUSDT","Limit","SELL","1888","0.691ETH","2023-11-08 10:26:05","0.691ETH","1888","1304.608USDT","FILLED"
"2023-11-08 04:32:16","14649033444","ETHUSDT","Limit","BUY","1869","0.2675ETH","2023-11-08 10:31:22","0ETH","0","0USDT","CANCELED"
"2023-11-08 04:32:08","14649033086","ETHUSDT","Limit","BUY","1874","0.16ETH","2023-11-08 06:19:26","0.16ETH","1874","299.84USDT","FILLED"
"2023-11-08 04:19:07","14648994503","ETHUSDT","Limit","BUY","1880.8","0.5316ETH","2023-11-08 04:21:16","0.5316ETH","1880.8","999.83328USDT","FILLED"
"2023-11-08 04:19:01","14648993988","ETHUSDT","Limit","BUY","1880.8","0.5316ETH","2023-11-08 04:19:10","0ETH","0","0USDT","CANCELED"
"2023-11-08 03:16:25","14648732328","ETHUSDT","Limit","BUY","1885.89","0.3181ETH","2023-11-08 03:16:44","0ETH","0","0USDT","CANCELED"
"2023-11-07 18:09:16","14644653562","ETHUSDT","Limit","SELL","1883.98","0.754ETH","2023-11-07 18:09:18","0.754ETH","1883.98","1420.52092USDT","FILLED"
"2023-11-07 17:57:57","14644510385","ETHUSDT","Limit","SELL","1885","0.754ETH","2023-11-07 18:08:52","0ETH","0","0USDT","CANCELED"
"2023-11-07 17:43:54","14644403464","ETHUSDT","Limit","SELL","1870.57","0.7539ETH","2023-11-07 17:44:00","0.7539ETH","1870.57","1410.222723USDT","FILLED"
"2023-11-07 13:06:10","14641806226","ETHUSDT","Limit","SELL","1897","1.5079ETH","2023-11-07 17:43:48","0ETH","0","0USDT","CANCELED"
"2023-11-07 10:03:39","14640236706","ETHUSDT","Limit","BUY","1877.54","0.1312ETH","2023-11-07 10:03:40","0.1312ETH","1877.54","246.333248USDT","FILLED"
"2023-11-07 10:01:02","14640193027","ETHUSDT","Limit","SELL","1889","1.3769ETH","2023-11-07 10:03:51","0ETH","0","0USDT","CANCELED"
"2023-11-07 10:00:03","14640176026","ETHUSDT","Limit","BUY","1874.8","0.2657ETH","2023-11-07 10:00:04","0.2657ETH","1874.8","498.13436USDT","FILLED"
"2023-11-07 09:41:31","14639972131","ETHUSDT","Limit","BUY","1879.53","0.1061ETH","2023-11-07 09:41:48","0.1061ETH","1879.53","199.418133USDT","FILLED"
"2023-11-07 09:33:44","14639863637","ETHUSDT","Limit","BUY","1883.73","0.1592ETH","2023-11-07 09:33:44","0.1592ETH","1880.56","299.385152USDT","FILLED"
"2023-11-07 09:26:28","14639806721","ETHUSDT","Limit","SELL","1896","0.8464ETH","2023-11-07 10:00:42","0ETH","0","0USDT","CANCELED"
"2023-11-07 08:20:03","14639394847","ETHUSDT","Limit","SELL","1903","0.5283ETH","2023-11-07 09:26:16","0ETH","0","0USDT","CANCELED"
"2023-11-07 08:19:31","14639392880","ETHUSDT","Limit","BUY","1884","0.3184ETH","2023-11-07 09:14:27","0.3184ETH","1884","599.8656USDT","FILLED"
"2023-11-07 07:25:26","14638938749","ETHUSDT","Limit","BUY","1890.66","0.5289ETH","2023-11-07 07:28:55","0.5289ETH","1890.66","999.970074USDT","FILLED"
"2023-11-07 05:01:49","14637832289","ETHUSDT","Limit","SELL","1894","1.0599ETH","2023-11-07 05:35:34","1.0599ETH","1894","2007.4506USDT","FILLED"
"2023-11-07 03:42:24","14637403400","ETHUSDT","Limit","SELL","1897","1.0552ETH","2023-11-07 05:01:31","0ETH","0","0USDT","CANCELED"
"2023-11-07 02:42:24","14636952586","ETHUSDT","Limit","SELL","1892","1.0599ETH","2023-11-07 03:11:25","0ETH","0","0USDT","CANCELED"
"2023-11-07 02:41:59","14636950666","ETHUSDT","Limit","SELL","1889","1.0599ETH","2023-11-07 02:42:02","0ETH","0","0USDT","CANCELED"
"2023-11-07 02:41:20","14636946039","ETHUSDT","Limit","BUY","1885.17","1.0609ETH","2023-11-07 02:41:28","1.0609ETH","1885.17","1999.976853USDT","FILLED"
"2023-11-07 01:22:00","14636290605","ETHUSDT","Limit","SELL","1891.77","0.4493ETH","2023-11-07 01:22:05","0.4493ETH","1891.77","849.972261USDT","FILLED"
"2023-11-07 00:53:17","14636075941","ETHUSDT","Limit","SELL","1914","0.4493ETH","2023-11-07 01:21:53","0ETH","0","0USDT","CANCELED"
"2023-11-06 18:39:51","14633568033","ETHUSDT","Limit","SELL","1919","0.3433ETH","2023-11-07 00:52:59","0ETH","0","0USDT","CANCELED"
"2023-11-06 18:27:35","14633499530","ETHUSDT","Limit","BUY","1865","0.1072ETH","2023-11-07 01:21:55","0ETH","0","0USDT","CANCELED"
"2023-11-06 18:27:25","14633498545","ETHUSDT","Limit","BUY","1872","0.1602ETH","2023-11-07 01:21:55","0ETH","0","0USDT","CANCELED"
"2023-11-06 18:27:04","14633495382","ETHUSDT","Limit","BUY","1877","0.1065ETH","2023-11-07 01:21:55","0ETH","0","0USDT","CANCELED"
"2023-11-06 18:26:56","14633493838","ETHUSDT","Limit","BUY","1883","0.1061ETH","2023-11-06 21:21:09","0.1061ETH","1883","199.7863USDT","FILLED"
"2023-11-06 18:25:31","14633483785","ETHUSDT","Limit","BUY","1889.07","0.1058ETH","2023-11-06 18:25:31","0.1058ETH","1888.73","199.827634USDT","FILLED"
"2023-11-06 18:25:24","14633482764","ETHUSDT","Limit","BUY","1888.87","0.1058ETH","2023-11-06 18:25:29","0.1058ETH","1888.87","199.842446USDT","FILLED"
"2023-11-06 17:38:26","14633119649","ETHUSDT","Limit","BUY","1890.83","0.0264ETH","2023-11-06 17:38:26","0.0264ETH","1890.17","49.900488USDT","FILLED"
"2023-11-06 17:35:55","14633099976","ETHUSDT","Limit","BUY","1892.13","0.1057ETH","2023-11-06 17:35:59","0.1057ETH","1892.13","199.998141USDT","FILLED"
"2023-11-06 09:22:55","14628394471","ETHUSDT","Limit","BUY","1874","0.5ETH","2023-11-06 15:07:43","0ETH","0","0USDT","CANCELED"
"2023-11-06 09:16:33","14628349941","ETHUSDT","Limit","BUY","1869","0.107ETH","2023-11-06 09:21:35","0ETH","0","0USDT","CANCELED"
"2023-11-06 09:16:18","14628347242","ETHUSDT","Limit","BUY","1873","0.1067ETH","2023-11-06 09:21:34","0ETH","0","0USDT","CANCELED"
"2023-11-06 09:16:10","14628345053","ETHUSDT","Limit","BUY","1877","0.1065ETH","2023-11-06 09:22:11","0ETH","0","0USDT","CANCELED"
"2023-11-06 09:14:21","14628329599","ETHUSDT","Limit","SELL","1888.01","0.3724ETH","2023-11-06 09:14:31","0.3724ETH","1888.01","703.094924USDT","FILLED"
"2023-11-06 04:48:46","14625367566","ETHUSDT","Limit","BUY","1867","0.1072ETH","2023-11-06 09:14:43","0ETH","0","0USDT","CANCELED"
"2023-11-06 04:40:42","14625304366","ETHUSDT","Limit","BUY","1876.55","0.1065ETH","2023-11-06 04:41:37","0.1065ETH","1876.55","199.852575USDT","FILLED"
"2023-11-06 04:16:08","14625112444","ETHUSDT","Limit","SELL","1899","0.1593ETH","2023-11-06 04:42:33","0ETH","0","0USDT","CANCELED"
"2023-11-06 04:15:41","14625110150","ETHUSDT","Limit","BUY","1866","0.1072ETH","2023-11-06 04:48:46","0ETH","0","0USDT","CANCELED"
"2023-11-06 04:15:30","14625108650","ETHUSDT","Limit","BUY","1871","0.1068ETH","2023-11-06 05:24:29","0.1068ETH","1871","199.8228USDT","FILLED"
"2023-11-06 04:15:11","14625105607","ETHUSDT","Limit","BUY","1876","0.1066ETH","2023-11-06 04:40:49","0ETH","0","0USDT","CANCELED"
"2023-11-06 04:13:59","14625096914","ETHUSDT","Limit","BUY","1881.83","0.1594ETH","2023-11-06 04:13:59","0.1594ETH","1881.83","299.963702USDT","FILLED"
"2023-11-06 01:04:41","14623854615","ETHUSDT","Limit","SELL","1895.89","0.3744ETH","2023-11-06 01:04:41","0.3744ETH","1895.89","709.821216USDT","FILLED"
"2023-11-05 17:10:39","14620131329","ETHUSDT","Limit","BUY","1850","0.1081ETH","2023-11-06 09:14:42","0ETH","0","0USDT","CANCELED"
"2023-11-05 17:10:29","14620128008","ETHUSDT","Limit","BUY","1860","0.1075ETH","2023-11-05 21:50:11","0.1075ETH","1860","199.95USDT","FILLED"
"2023-11-05 17:10:18","14620123247","ETHUSDT","Limit","BUY","1870","0.2673ETH","2023-11-05 21:49:36","0.2673ETH","1870","499.851USDT","FILLED"
"2023-11-05 17:09:40","14620117389","ETHUSDT","Limit","SELL","1885.45","0.2661ETH","2023-11-05 17:09:40","0.2661ETH","1885.67","501.776787USDT","FILLED"
"2023-11-05 14:29:05","14619174763","ETHUSDT","Limit","BUY","1877.69","0.2663ETH","2023-11-05 14:29:05","0.2663ETH","1877.69","500.028847USDT","FILLED"
"2023-11-05 14:28:46","14619172228","ETHUSDT","Limit","BUY","1876.78","0.2664ETH","2023-11-05 14:28:59","0ETH","0","0USDT","CANCELED"
"2023-11-05 06:51:58","14615671773","ETHUSDT","Limit","BUY","1878.45","0.2662ETH","2023-11-05 06:52:22","0ETH","0","0USDT","CANCELED"
"2023-11-04 18:20:28","14610725811","ETHUSDT","Limit","BUY","1809","0.2763ETH","2023-11-05 14:29:10","0ETH","0","0USDT","CANCELED"
"2023-11-03 19:25:05","14603141780","ETHUSDT","Limit","SELL","1829","0.63ETH","2023-11-03 20:20:38","0.63ETH","1829","1152.27USDT","FILLED"
"2023-11-03 19:24:40","14603138303","ETHUSDT","Limit","BUY","1791","0.5583ETH","2023-11-04 04:58:14","0ETH","0","0USDT","CANCELED"
"2023-11-03 18:11:56","14602558180","ETHUSDT","Limit","SELL","1825","0.63ETH","2023-11-03 19:24:45","0ETH","0","0USDT","CANCELED"
"2023-11-03 18:11:32","14602554741","ETHUSDT","Limit","SELL","1817","0.628ETH","2023-11-03 18:28:04","0.628ETH","1817","1141.076USDT","FILLED"
"2023-11-03 18:00:18","14602483765","ETHUSDT","Limit","SELL","1816","0.1105ETH","2023-11-03 18:11:07","0ETH","0","0USDT","CANCELED"
"2023-11-03 17:27:29","14602214961","ETHUSDT","Limit","BUY","1808.48","0.1106ETH","2023-11-03 17:30:06","0.1106ETH","1808.48","200.017888USDT","FILLED"
"2023-11-03 17:22:07","14602174814","ETHUSDT","Limit","SELL","1817","0.5175ETH","2023-11-03 18:11:06","0ETH","0","0USDT","CANCELED"
"2023-11-03 17:21:11","14602165610","ETHUSDT","Limit","BUY","1811.5","0.518ETH","2023-11-03 17:21:23","0.518ETH","1811.5","938.357USDT","FILLED"
"2023-11-03 16:14:17","14601713376","ETHUSDT","Limit","SELL","1835","0.63ETH","2023-11-03 18:11:40","0ETH","0","0USDT","CANCELED"
"2023-11-03 16:13:28","14601700213","ETHUSDT","Limit","SELL","1816.87","0.63ETH","2023-11-03 16:13:29","0.63ETH","1816.87","1144.6281USDT","FILLED"
"2023-11-03 16:13:00","14601695022","ETHUSDT","Limit","SELL","1817.72","0.279ETH","2023-11-03 16:13:06","0.279ETH","1817.72","507.14388USDT","FILLED"
"2023-11-03 09:08:03","14598094748","ETHUSDT","Limit","BUY","1789.69","0.2793ETH","2023-11-03 09:56:23","0.2793ETH","1789.69","499.860417USDT","FILLED"
"2023-11-03 06:06:56","14596964634","ETHUSDT","Limit","SELL","1798.6","0.1117ETH","2023-11-03 06:06:56","0.1117ETH","1798.6","200.90362USDT","FILLED"
"2023-11-03 04:49:55","14596424934","ETHUSDT","Limit","BUY","1790.69","0.1118ETH","2023-11-03 04:49:55","0.1118ETH","1789.66","200.083988USDT","FILLED"
"2023-11-03 03:57:41","14596110535","ETHUSDT","Limit","SELL","1829","1.26ETH","2023-11-03 16:13:22","0ETH","0","0USDT","CANCELED"
"2023-11-03 01:16:56","14594846418","ETHUSDT","Limit","BUY","1781.21","0.1122ETH","2023-11-03 01:16:56","0.1122ETH","1780.87","199.813614USDT","FILLED"
"2023-11-02 18:37:22","14592313331","ETHUSDT","Limit","SELL","1839","0.574ETH","2023-11-03 03:56:21","0ETH","0","0USDT","CANCELED"
"2023-11-02 18:36:53","14592309717","ETHUSDT","Limit","SELL","1835","0.5739ETH","2023-11-03 03:56:22","0ETH","0","0USDT","CANCELED"
"2023-11-02 17:47:35","14592018967","ETHUSDT","Limit","SELL","1836","1.1479ETH","2023-11-02 18:36:37","0ETH","0","0USDT","CANCELED"
"2023-11-02 16:32:47","14591335077","ETHUSDT","Limit","BUY","1793","0.1672ETH","2023-11-02 16:32:48","0ETH","0","0USDT","CANCELED"
"2023-11-02 16:32:02","14591317116","ETHUSDT","Limit","BUY","1790.68","0.1675ETH","2023-11-02 16:32:50","0ETH","0","0USDT","CANCELED"
"2023-11-02 15:26:29","14590448145","ETHUSDT","Limit","BUY","1808.85","0.0552ETH","2023-11-02 15:26:41","0.0552ETH","1808.85","99.84852USDT","FILLED"
"2023-11-02 14:51:21","14589983306","ETHUSDT","Limit","SELL","1834","0.1102ETH","2023-11-02 17:47:18","0ETH","0","0USDT","CANCELED"
"2023-11-02 14:31:57","14589686693","ETHUSDT","Limit","BUY","1811.66","0.1103ETH","2023-11-02 14:37:14","0.1103ETH","1811.66","199.826098USDT","FILLED"
"2023-11-02 14:29:52","14589658052","ETHUSDT","Limit","SELL","1836.66","0.9826ETH","2023-11-02 17:47:17","0ETH","0","0USDT","CANCELED"
"2023-11-02 14:27:47","14589627045","ETHUSDT","Limit","BUY","1810.66","0.0552ETH","2023-11-02 14:31:45","0ETH","0","0USDT","CANCELED"
"2023-11-02 14:26:56","14589614603","ETHUSDT","Limit","BUY","1816.66","0.1097ETH","2023-11-02 14:27:04","0.1097ETH","1816.66","199.287602USDT","FILLED"
"2023-11-02 14:21:01","14589531484","ETHUSDT","Limit","BUY","1821.66","0.1088ETH","2023-11-02 14:21:01","0.1088ETH","1820.96","198.120448USDT","FILLED"
"2023-11-02 13:48:12","14589077019","ETHUSDT","Limit","BUY","1825.26","0.1095ETH","2023-11-02 13:48:12","0.1095ETH","1825.17","199.856115USDT","FILLED"
"2023-11-02 13:31:06","14588788779","ETHUSDT","Limit","BUY","1827.25","0.1092ETH","2023-11-02 13:31:06","0.1092ETH","1827.17","199.526964USDT","FILLED"
"2023-11-02 13:10:33","14588519053","ETHUSDT","Limit","BUY","1829.4","0.5464ETH","2023-11-02 13:10:33","0.5464ETH","1829.4","999.58416USDT","FILLED"
"2023-11-02 09:34:18","14587087661","ETHUSDT","Limit","SELL","1837.85","0.764ETH","2023-11-02 10:24:41","0.764ETH","1837.85","1404.1174USDT","FILLED"
"2023-11-02 08:10:59","14586475016","ETHUSDT","Limit","BUY","1822.21","0.1097ETH","2023-11-02 08:11:02","0.1097ETH","1822.21","199.896437USDT","FILLED"
"2023-11-02 08:05:46","14586397468","ETHUSDT","Limit","BUY","1829","0.1093ETH","2023-11-02 08:05:46","0.1093ETH","1828.86","199.894398USDT","FILLED"
"2023-11-02 08:05:36","14586395798","ETHUSDT","Limit","BUY","1827.56","0.1637ETH","2023-11-02 08:05:39","0ETH","0","0USDT","CANCELED"
"2023-11-02 07:50:01","14586270984","ETHUSDT","Limit","BUY","1832.43","0.5457ETH","2023-11-02 07:50:06","0.5457ETH","1832.43","999.957051USDT","FILLED"
"2023-11-02 07:49:23","14586265674","ETHUSDT","Limit","BUY","1832.46","0.5459ETH","2023-11-02 07:49:30","0ETH","0","0USDT","CANCELED"
"2023-11-01 17:38:34","14577159449","ETHUSDT","Limit","SELL","1801","0.278ETH","2023-11-01 17:46:33","0.278ETH","1801","500.678USDT","FILLED"
"2023-11-01 17:34:43","14577141347","ETHUSDT","Limit","SELL","1804","0.278ETH","2023-11-01 17:36:41","0ETH","0","0USDT","CANCELED"
"2023-11-01 17:33:13","14577131925","ETHUSDT","Limit","BUY","1791","0.1113ETH","2023-11-01 17:36:43","0ETH","0","0USDT","CANCELED"
"2023-11-01 17:32:39","14577125352","ETHUSDT","Limit","BUY","1796","0.2783ETH","2023-11-01 17:32:39","0.2783ETH","1795.83","499.779489USDT","FILLED"
"2023-11-01 17:32:23","14577124185","ETHUSDT","Limit","BUY","1795.58","0.2784ETH","2023-11-01 17:32:37","0ETH","0","0USDT","CANCELED"
"2023-11-01 16:34:23","14576749929","ETHUSDT","Limit","SELL","1801.6","0.6661ETH","2023-11-01 16:34:23","0.6661ETH","1801.6","1200.04576USDT","FILLED"
"2023-11-01 15:01:24","14575919518","ETHUSDT","Limit","SELL","1799","0.6138ETH","2023-11-01 16:28:28","0.6138ETH","1799","1104.2262USDT","FILLED"
"2023-11-01 14:59:25","14575883422","ETHUSDT","Limit","BUY","1788.42","0.3354ETH","2023-11-01 14:59:25","0.3354ETH","1788.22","599.768988USDT","FILLED"
"2023-11-01 14:20:15","14575335197","ETHUSDT","Limit","SELL","1812.6","0.6661ETH","2023-11-01 16:34:12","0ETH","0","0USDT","CANCELED"
"2023-11-01 14:03:41","14575160223","ETHUSDT","Limit","SELL","1808.1","0.6661ETH","2023-11-01 14:20:02","0ETH","0","0USDT","CANCELED"
"2023-11-01 14:01:55","14575140758","ETHUSDT","Limit","SELL","1806.58","0.6661ETH","2023-11-01 14:03:30","0ETH","0","0USDT","CANCELED"
"2023-11-01 13:57:10","14575062520","ETHUSDT","Limit","BUY","1792","0.279ETH","2023-11-01 14:49:24","0.279ETH","1792","499.968USDT","FILLED"
"2023-11-01 13:49:07","14574965335","ETHUSDT","Limit","BUY","1791","0.0614ETH","2023-11-01 13:56:46","0ETH","0","0USDT","CANCELED"
"2023-11-01 13:48:32","14574953022","ETHUSDT","Limit","BUY","1795.61","0.1114ETH","2023-11-01 13:48:32","0.1114ETH","1795.1","199.97414USDT","FILLED"
"2023-11-01 13:47:49","14574937117","ETHUSDT","Limit","BUY","1797.7","0.1112ETH","2023-11-01 13:47:50","0.1112ETH","1797.7","199.90424USDT","FILLED"
"2023-11-01 13:46:18","14574908778","ETHUSDT","Limit","BUY","1795","0.2228ETH","2023-11-01 13:47:31","0ETH","0","0USDT","CANCELED"
"2023-11-01 13:46:01","14574903439","ETHUSDT","Limit","SELL","1809","0.4438ETH","2023-11-01 14:01:43","0ETH","0","0USDT","CANCELED"
"2023-11-01 13:45:21","14574893375","ETHUSDT","Limit","BUY","1800.81","0.4442ETH","2023-11-01 13:45:21","0.4442ETH","1800.52","799.790984USDT","FILLED"
"2023-11-01 12:53:30","14573790007","ETHUSDT","Limit","SELL","1810.64","0.8331ETH","2023-11-01 12:53:41","0.8331ETH","1810.64","1508.444184USDT","FILLED"
"2023-11-01 11:14:37","14573149481","ETHUSDT","Limit","SELL","1810","0.8331ETH","2023-11-01 12:52:31","0ETH","0","0USDT","CANCELED"
"2023-11-01 11:12:43","14573143579","ETHUSDT","Limit","BUY","1796.52","0.2783ETH","2023-11-01 11:12:43","0.2783ETH","1796.52","499.971516USDT","FILLED"
"2023-11-01 10:41:58","14572878002","ETHUSDT","Limit","BUY","1799.75","0.2778ETH","2023-11-01 10:42:06","0.2778ETH","1799.75","499.97055USDT","FILLED"
"2023-11-01 10:41:33","14572874358","ETHUSDT","Limit","BUY","1799.75","0.2778ETH","2023-11-01 10:41:33","0.2778ETH","1799.73","499.964994USDT","FILLED"
"2023-11-01 10:41:11","14572873089","ETHUSDT","Limit","BUY","1799.64","0.2778ETH","2023-11-01 10:41:31","0ETH","0","0USDT","CANCELED"
"2023-11-01 10:13:24","14572733135","ETHUSDT","Limit","BUY","1795","1.676ETH","2023-11-01 10:13:46","0ETH","0","0USDT","CANCELED"
"2023-11-01 07:54:29","14572125766","ETHUSDT","Limit","SELL","1808.19","0.2772ETH","2023-11-01 07:54:29","0.2772ETH","1808.19","501.230268USDT","FILLED"
"2023-11-01 06:26:29","14571732907","ETHUSDT","Limit","BUY","1795","0.1671ETH","2023-11-01 10:13:08","0ETH","0","0USDT","CANCELED"
"2023-11-01 06:26:05","14571732166","ETHUSDT","Limit","BUY","1801.17","0.2775ETH","2023-11-01 06:26:05","0.2775ETH","1801.16","499.8219USDT","FILLED"
"2023-11-01 06:25:43","14571731683","ETHUSDT","Limit","BUY","1801.15","0.2776ETH","2023-11-01 06:25:56","0ETH","0","0USDT","CANCELED"
"2023-10-31 18:11:12","14567460223","ETHUSDT","Limit","BUY","1771","0.2258ETH","2023-11-01 02:52:20","0ETH","0","0USDT","CANCELED"
"2023-10-31 18:10:47","14567458259","ETHUSDT","Limit","BUY","1775","0.169ETH","2023-11-01 02:52:20","0ETH","0","0USDT","CANCELED"
"2023-10-31 18:10:35","14567456953","ETHUSDT","Limit","BUY","1781","0.1122ETH","2023-11-01 02:52:20","0ETH","0","0USDT","CANCELED"
"2023-10-31 18:10:17","14567456293","ETHUSDT","Limit","BUY","1785","0.112ETH","2023-11-01 02:52:20","0ETH","0","0USDT","CANCELED"
"2023-10-31 18:10:02","14567455705","ETHUSDT","Limit","BUY","1789","0.1116ETH","2023-11-01 02:52:17","0ETH","0","0USDT","CANCELED"
"2023-10-31 18:09:26","14567450820","ETHUSDT","Limit","SELL","1801.01","0.7571ETH","2023-10-31 18:09:26","0.7571ETH","1801.01","1363.544671USDT","FILLED"
"2023-10-31 17:31:22","14567280540","ETHUSDT","Limit","SELL","1808","0.3824ETH","2023-10-31 18:08:39","0ETH","0","0USDT","CANCELED"
"2023-10-31 15:15:37","14566077473","ETHUSDT","Limit","SELL","1800","0.55ETH","2023-10-31 16:40:42","0.55ETH","1800","990USDT","FILLED"
"2023-10-31 15:14:58","14566064206","ETHUSDT","Limit","BUY","1790.85","0.5583ETH","2023-10-31 15:14:58","0.5583ETH","1790.82587498","999.818086USDT","FILLED"
"2023-10-31 14:27:51","14565607199","ETHUSDT","Limit","SELL","1810","0.3747ETH","2023-10-31 18:08:40","0ETH","0","0USDT","CANCELED"
"2023-10-31 14:26:55","14565602603","ETHUSDT","Limit","BUY","1786","0.2799ETH","2023-10-31 14:29:04","0ETH","0","0USDT","CANCELED"
"2023-10-31 11:41:58","14564006675","ETHUSDT","Limit","BUY","1790","0.2766ETH","2023-10-31 13:53:20","0.2766ETH","1790","495.114USDT","FILLED"
"2023-10-31 11:40:34","14563999580","ETHUSDT","Limit","SELL","1820","0.473ETH","2023-10-31 11:41:13","0ETH","0","0USDT","CANCELED"
"2023-10-31 11:39:49","14563992228","ETHUSDT","Limit","SELL","1806","0.4729ETH","2023-10-31 11:39:49","0.4729ETH","1806.11","854.109419USDT","FILLED"
"2023-10-31 11:39:35","14563989795","ETHUSDT","Limit","SELL","1807","0.4729ETH","2023-10-31 11:39:43","0ETH","0","0USDT","CANCELED"
"2023-10-31 11:39:07","14563984205","ETHUSDT","Limit","SELL","1808.5","0.4729ETH","2023-10-31 11:39:21","0ETH","0","0USDT","CANCELED"
"2023-10-31 11:38:21","14563978721","ETHUSDT","Limit","SELL","1808.91","0.4729ETH","2023-10-31 11:39:02","0ETH","0","0USDT","CANCELED"
"2023-10-31 08:27:35","14562890392","ETHUSDT","Limit","BUY","1782","0.1683ETH","2023-10-31 14:26:38","0ETH","0","0USDT","CANCELED"
"2023-10-31 06:44:02","14562043409","ETHUSDT","Limit","SELL","1820","0.9459ETH","2023-10-31 11:38:07","0ETH","0","0USDT","CANCELED"
"2023-10-31 06:34:34","14561939031","ETHUSDT","Limit","BUY","1793.9","0.2229ETH","2023-10-31 06:34:47","0.2229ETH","1793.9","399.86031USDT","FILLED"
"2023-10-31 05:54:59","1041524307","BUSDUSDT","Limit","SELL","0.9998","492BUSD","2023-10-31 05:54:59","492BUSD","0.9998","491.9016USDT","FILLED"
"2023-10-31 05:54:20","1041524118","BUSDUSDT","Limit","SELL","0.9999","492BUSD","2023-10-31 05:54:47","0BUSD","0","0USDT","CANCELED"
"2023-10-31 04:02:14","14559583323","ETHUSDT","Limit","BUY","1789","0.1675ETH","2023-10-31 06:33:23","0.1675ETH","1789","299.6575USDT","FILLED"
"2023-10-31 03:46:28","14559489465","ETHUSDT","Limit","SELL","1810","0.5559ETH","2023-10-31 05:01:55","0ETH","0","0USDT","CANCELED"
"2023-10-31 03:46:11","14559488731","ETHUSDT","Limit","BUY","1796.75","0.5565ETH","2023-10-31 03:46:11","0.5565ETH","1796.73","999.880245USDT","FILLED"
"2023-10-31 02:37:06","14559027771","ETHUSDT","Limit","BUY","1801","0.5537ETH","2023-10-31 02:45:11","0ETH","0","0USDT","CANCELED"
"2023-10-31 00:48:28","14558498115","ETHUSDT","Limit","BUY","1802","0.2762ETH","2023-10-31 02:35:32","0ETH","0","0USDT","CANCELED"
"2023-10-30 18:06:15","14556906986","ETHUSDT","Limit","BUY","1780","0.2779ETH","2023-10-31 02:35:26","0ETH","0","0USDT","CANCELED"
"2023-10-30 18:05:49","14556902163","ETHUSDT","Limit","SELL","1815","0.4445ETH","2023-10-30 21:37:36","0.4445ETH","1815","806.7675USDT","FILLED"
"2023-10-30 18:05:35","14556901661","ETHUSDT","Limit","SELL","1810","0.4444ETH","2023-10-30 21:36:02","0.4444ETH","1810","804.364USDT","FILLED"
"2023-10-30 16:31:03","14556011930","ETHUSDT","Limit","BUY","1785","0.168ETH","2023-10-30 17:12:43","0.168ETH","1785","299.88USDT","FILLED"
"2023-10-30 16:30:34","14556008978","ETHUSDT","Limit","SELL","1823","0.2757ETH","2023-10-30 18:05:02","0ETH","0","0USDT","CANCELED"
"2023-10-30 16:30:09","14556005164","ETHUSDT","Limit","BUY","1790","0.2793ETH","2023-10-30 17:12:33","0.2793ETH","1790","499.947USDT","FILLED"
"2023-10-30 16:28:46","14555995772","ETHUSDT","Limit","BUY","1801","0.1665ETH","2023-10-30 17:12:25","0.1665ETH","1801","299.8665USDT","FILLED"
"2023-10-30 16:28:00","14555990631","ETHUSDT","Limit","BUY","1811.5","0.276ETH","2023-10-30 16:28:07","0.276ETH","1811.5","499.974USDT","FILLED"
"2023-10-30 08:26:57","14551994637","ETHUSDT","Limit","BUY","1780","0.2808ETH","2023-10-30 16:27:36","0ETH","0","0USDT","CANCELED"
"2023-10-30 06:39:44","14551400165","ETHUSDT","Limit","BUY","1772","0.2816ETH","2023-10-30 16:27:35","0ETH","0","0USDT","CANCELED"
"2023-10-30 06:39:02","14551396516","ETHUSDT","Limit","SELL","1789","0.2805ETH","2023-10-30 07:03:32","0.2805ETH","1789","501.8145USDT","FILLED"
"2023-10-30 05:05:16","14551011176","ETHUSDT","Limit","BUY","1780","0.2808ETH","2023-10-30 06:08:15","0.2808ETH","1780","499.824USDT","FILLED"
"2023-10-30 02:25:37","14550375989","ETHUSDT","Limit","SELL","1795","0.2773ETH","2023-10-30 08:24:39","0.2773ETH","1795","497.7535USDT","FILLED"
"2023-10-30 02:25:00","14550371360","ETHUSDT","Limit","BUY","1786.3","0.2775ETH","2023-10-30 02:25:00","0.2775ETH","1786.3","495.69825USDT","FILLED"
"2023-10-29 18:09:52","14548148151","ETHUSDT","Limit","BUY","1770","0.5649ETH","2023-10-30 02:25:42","0ETH","0","0USDT","CANCELED"
"2023-10-29 18:09:12","14548141028","ETHUSDT","Limit","BUY","1780","0.2808ETH","2023-10-29 18:09:30","0ETH","0","0USDT","CANCELED"
"2023-10-29 18:07:08","14548120549","ETHUSDT","Limit","SELL","1799.31","0.1564ETH","2023-10-29 18:07:44","0.1564ETH","1799.31","281.412084USDT","FILLED"
"2023-10-29 16:46:02","14547578745","ETHUSDT","Limit","SELL","1800","0.4694ETH","2023-10-29 17:36:18","0.4694ETH","1800","844.92USDT","FILLED"
"2023-10-29 13:26:07","14546616832","ETHUSDT","Limit","SELL","1810","0.4694ETH","2023-10-29 16:45:52","0ETH","0","0USDT","CANCELED"
"2023-10-29 09:13:10","14545725888","ETHUSDT","Limit","SELL","1796","0.2085ETH","2023-10-29 12:57:59","0.2085ETH","1796","374.466USDT","FILLED"
"2023-10-29 09:11:00","14545713535","ETHUSDT","Limit","SELL","1790","0.278ETH","2023-10-29 09:23:48","0.278ETH","1790","497.62USDT","FILLED"
"2023-10-29 08:16:00","14545534610","ETHUSDT","Limit","SELL","1795","0.5561ETH","2023-10-29 09:10:43","0ETH","0","0USDT","CANCELED"
"2023-10-29 07:04:48","14545392982","ETHUSDT","Limit","SELL","1790","0.2ETH","2023-10-29 08:14:51","0ETH","0","0USDT","CANCELED"
"2023-10-29 01:29:55","14544615801","ETHUSDT","Limit","SELL","1790","0.5613ETH","2023-10-29 07:01:02","0ETH","0","0USDT","CANCELED"
"2023-10-29 01:28:50","14544608047","ETHUSDT","Limit","BUY","1762","0.1704ETH","2023-10-29 07:02:32","0ETH","0","0USDT","CANCELED"
"2023-10-29 01:11:38","14544451974","ETHUSDT","Limit","BUY","1771","0.2823ETH","2023-10-29 01:21:24","0.2823ETH","1771","499.9533USDT","FILLED"
"2023-10-28 20:37:11","14543682526","ETHUSDT","Limit","SELL","1810","0.551ETH","2023-10-29 07:01:04","0ETH","0","0USDT","CANCELED"
"2023-10-28 20:36:47","14543681360","ETHUSDT","Limit","BUY","1760","0.284ETH","2023-10-29 01:11:20","0ETH","0","0USDT","CANCELED"
"2023-10-28 20:36:01","14543679420","ETHUSDT","Limit","SELL","1790","0.2793ETH","2023-10-29 01:29:32","0ETH","0","0USDT","CANCELED"
"2023-10-28 20:35:39","14543678689","ETHUSDT","Limit","BUY","1778.11","0.2811ETH","2023-10-28 20:35:39","0.2811ETH","1778.11","499.826721USDT","FILLED"
"2023-10-28 20:35:23","14543677401","ETHUSDT","Limit","SELL","1778.41","0.2811ETH","2023-10-28 20:35:23","0.2811ETH","1778.54","499.947594USDT","FILLED"
"2023-10-28 20:34:31","14543673436","ETHUSDT","Limit","BUY","1777.19","0.2812ETH","2023-10-28 20:35:17","0ETH","0","0USDT","CANCELED"
"2023-10-28 12:52:37","14542152450","ETHUSDT","Limit","SELL","1795","0.4ETH","2023-10-28 13:05:44","0ETH","0","0USDT","CANCELED"
"2023-10-28 12:51:14","14542130808","ETHUSDT","Limit","BUY","1770","0.1694ETH","2023-10-28 20:34:20","0ETH","0","0USDT","CANCELED"
"2023-10-28 12:50:49","14542123294","ETHUSDT","Limit","BUY","1780.16","0.2808ETH","2023-10-28 12:50:49","0.2808ETH","1779.41","499.658328USDT","FILLED"
"2023-10-28 09:24:46","14541054480","ETHUSDT","Limit","SELL","1797","0.55ETH","2023-10-28 11:20:52","0.55ETH","1797","988.35USDT","FILLED"
"2023-10-28 09:23:17","14541048387","ETHUSDT","Limit","SELL","1800","0.55ETH","2023-10-28 09:24:36","0ETH","0","0USDT","CANCELED"
"2023-10-27 19:23:21","14537833730","ETHUSDT","Limit","SELL","1810","1.1001ETH","2023-10-28 09:23:03","0ETH","0","0USDT","CANCELED"
"2023-10-27 19:22:49","14537831864","ETHUSDT","Limit","SELL","1795","0.2797ETH","2023-10-28 05:23:33","0.2797ETH","1795","502.0615USDT","FILLED"
"2023-10-27 17:20:13","14536576046","ETHUSDT","Limit","BUY","1764.14","0.28ETH","2023-10-27 17:20:15","0.28ETH","1764.14","493.9592USDT","FILLED"
"2023-10-27 06:26:13","14531069688","ETHUSDT","Limit","SELL","1810","0.2806ETH","2023-10-27 19:23:07","0ETH","0","0USDT","CANCELED"
"2023-10-27 01:12:22","14528666501","ETHUSDT","Limit","SELL","1820","0.5433ETH","2023-10-27 19:23:08","0ETH","0","0USDT","CANCELED"
"2023-10-27 01:12:08","14528664798","ETHUSDT","Limit","SELL","1810","0.2762ETH","2023-10-27 19:23:10","0ETH","0","0USDT","CANCELED"
"2023-10-27 01:11:32","14528659757","ETHUSDT","Limit","BUY","1780","0.2808ETH","2023-10-27 01:54:04","0.2808ETH","1780","499.824USDT","FILLED"
"2023-10-26 20:01:36","14526986581","ETHUSDT","Limit","BUY","1700","0.4117ETH","2023-10-27 01:10:52","0ETH","0","0USDT","CANCELED"
"2023-10-26 20:00:23","14526971790","ETHUSDT","Limit","SELL","1820","0.8195ETH","2023-10-27 01:11:40","0ETH","0","0USDT","CANCELED"
"2023-10-26 18:34:56","14526514348","ETHUSDT","Limit","BUY","1750","0.2857ETH","2023-10-26 19:59:59","0ETH","0","0USDT","CANCELED"
"2023-10-26 14:49:58","14524080452","ETHUSDT","Limit","SELL","1830","0.8195ETH","2023-10-26 19:59:57","0ETH","0","0USDT","CANCELED"
"2023-10-26 14:49:39","14524075548","ETHUSDT","Limit","SELL","1840","0.8195ETH","2023-10-26 14:49:50","0ETH","0","0USDT","CANCELED"
"2023-10-26 14:45:28","14524007982","ETHUSDT","Limit","BUY","1750.23","0.2095ETH","2023-10-26 14:49:53","0ETH","0","0USDT","CANCELED"
"2023-10-26 14:44:39","14523991628","ETHUSDT","Limit","BUY","1781.47","0.412ETH","2023-10-26 14:44:46","0.412ETH","1781.47","733.96564USDT","FILLED"
"2023-10-26 14:44:05","14523980794","ETHUSDT","Limit","BUY","1780.93","0.4126ETH","2023-10-26 14:44:16","0ETH","0","0USDT","CANCELED"
"2023-10-26 11:43:55","14522076465","ETHUSDT","Limit","SELL","1830","0.408ETH","2023-10-26 13:06:48","0ETH","0","0USDT","CANCELED"
"2023-10-26 11:43:31","14522069271","ETHUSDT","Limit","BUY","1790","0.2793ETH","2023-10-26 13:07:53","0ETH","0","0USDT","CANCELED"
"2023-10-26 11:43:11","14522062355","ETHUSDT","Limit","BUY","1800","0.2777ETH","2023-10-26 13:07:53","0ETH","0","0USDT","CANCELED"
"2023-10-26 11:41:50","14522036892","ETHUSDT","Limit","BUY","1817.54","0.4084ETH","2023-10-26 11:41:53","0.4084ETH","1817.54","742.283336USDT","FILLED"
"2023-10-25 19:02:09","14512994750","ETHUSDT","Limit","SELL","1830","1.6242ETH","2023-10-26 07:16:17","1.6242ETH","1830","2972.286USDT","FILLED"
"2023-10-24 19:02:05","14500190838","ETHUSDT","Limit","SELL","1830","0.2793ETH","2023-10-25 19:01:26","0ETH","0","0USDT","CANCELED"
"2023-10-24 17:28:49","14499391530","ETHUSDT","Limit","BUY","1760","0.2795ETH","2023-10-24 18:21:59","0.2795ETH","1760","491.92USDT","FILLED"
"2023-10-24 17:26:16","14499375693","ETHUSDT","Limit","SELL","1820","0.2752ETH","2023-10-25 19:01:27","0ETH","0","0USDT","CANCELED"
"2023-10-24 17:22:46","14499346700","ETHUSDT","Limit","BUY","1730","0.1422ETH","2023-10-24 17:26:24","0ETH","0","0USDT","CANCELED"
"2023-10-24 17:22:29","14499343913","ETHUSDT","Limit","BUY","1750","0.1406ETH","2023-10-24 17:22:38","0ETH","0","0USDT","CANCELED"
"2023-10-24 17:22:23","14499342294","ETHUSDT","Limit","BUY","1750","0.1405ETH","2023-10-24 17:28:32","0ETH","0","0USDT","CANCELED"
"2023-10-24 17:22:00","14499339589","ETHUSDT","Limit","BUY","1785.07","0.2755ETH","2023-10-24 17:22:00","0.2755ETH","1785.07","491.786785USDT","FILLED"
"2023-10-24 17:21:17","1040164471","BUSDUSDT","Limit","SELL","0.9996","984BUSD","2023-10-24 17:21:17","984BUSD","0.9996","983.6064USDT","FILLED"
"2023-10-24 14:27:05","14496913437","ETHUSDT","Limit","SELL","1840","0.2523ETH","2023-10-25 19:01:28","0ETH","0","0USDT","CANCELED"
"2023-10-24 14:26:47","14496907904","ETHUSDT","Limit","BUY","1815.86","0.1264ETH","2023-10-24 14:26:47","0.1264ETH","1815.47671677","229.476257USDT","FILLED"
"2023-10-24 13:16:21","14496017231","ETHUSDT","Limit","BUY","1818","0.1262ETH","2023-10-24 13:51:29","0.1262ETH","1818","229.4316USDT","FILLED"
"2023-10-24 13:14:00","14495978309","ETHUSDT","Limit","SELL","1840","0.8174ETH","2023-10-25 19:01:30","0ETH","0","0USDT","CANCELED"
"2023-10-24 13:13:12","14495965571","ETHUSDT","Limit","BUY","1824.41","0.0837ETH","2023-10-24 13:13:12","0.0837ETH","1824.35","152.698095USDT","FILLED"
"2023-10-24 12:35:18","14495450468","ETHUSDT","Limit","BUY","1835","0.3334ETH","2023-10-24 13:04:36","0.3334ETH","1835","611.789USDT","FILLED"
"2023-10-24 12:30:34","14495395255","ETHUSDT","Limit","SELL","1845","0.2656ETH","2023-10-24 12:32:53","0.2656ETH","1845","490.032USDT","FILLED"
"2023-10-24 12:30:15","14495392904","ETHUSDT","Limit","BUY","1830","0.4011ETH","2023-10-24 13:05:40","0.4011ETH","1830","734.013USDT","FILLED"
"2023-10-24 12:26:49","14495362864","ETHUSDT","Limit","BUY","1835","0.2ETH","2023-10-24 12:29:57","0ETH","0","0USDT","CANCELED"
"2023-10-24 12:20:04","14495280427","ETHUSDT","Limit","BUY","1837.74","0.136ETH","2023-10-24 12:24:28","0ETH","0","0USDT","CANCELED"
"2023-10-24 12:17:11","14495248668","ETHUSDT","Limit","BUY","1840.49","0.2659ETH","2023-10-24 12:17:24","0.2659ETH","1840.49","489.386291USDT","FILLED"
"2023-10-24 11:50:48","14494812554","ETHUSDT","Limit","BUY","1830.45","1.0693ETH","2023-10-24 11:50:58","0ETH","0","0USDT","CANCELED"
"2023-10-24 11:29:35","14494565366","ETHUSDT","Limit","SELL","1835","0.8007ETH","2023-10-24 11:30:38","0.8007ETH","1835","1469.2845USDT","FILLED"
"2023-10-24 11:28:30","14494549488","ETHUSDT","Limit","BUY","1832","0.8015ETH","2023-10-24 11:28:30","0.8015ETH","1831.94731379","1468.305772USDT","FILLED"
"2023-10-24 11:26:59","14494526968","ETHUSDT","Limit","SELL","1835","0.801ETH","2023-10-24 11:27:03","0.801ETH","1835","1469.835USDT","FILLED"
"2023-10-24 11:26:11","14494516727","ETHUSDT","Limit","BUY","1833.47","0.2671ETH","2023-10-24 11:26:11","0.2671ETH","1833.43","489.709153USDT","FILLED"
"2023-10-24 11:25:54","14494513050","ETHUSDT","Limit","BUY","1833","0.2671ETH","2023-10-24 11:26:00","0ETH","0","0USDT","CANCELED"
"2023-10-24 11:25:25","14494506913","ETHUSDT","Limit","BUY","1831","0.2674ETH","2023-10-24 11:25:43","0ETH","0","0USDT","CANCELED"
"2023-10-24 11:25:07","14494501692","ETHUSDT","Limit","BUY","1831","0.5347ETH","2023-10-24 11:25:19","0.5347ETH","1831","979.0357USDT","FILLED"
"2023-10-24 11:24:56","14494498352","ETHUSDT","Limit","BUY","1829.03","0.5353ETH","2023-10-24 11:25:01","0ETH","0","0USDT","CANCELED"
"2023-10-24 11:24:43","14494495276","ETHUSDT","Limit","BUY","1829.03","0.2676ETH","2023-10-24 11:24:53","0ETH","0","0USDT","CANCELED"
"2023-10-24 10:07:30","14493818370","ETHUSDT","Limit","BUY","1829.83","0.5351ETH","2023-10-24 10:07:44","0ETH","0","0USDT","CANCELED"
"2023-10-24 10:06:44","14493813982","ETHUSDT","Limit","BUY","1828.81","0.2677ETH","2023-10-24 10:07:00","0ETH","0","0USDT","CANCELED"
"2023-10-24 09:46:14","14493608878","ETHUSDT","Limit","SELL","1834","0.5341ETH","2023-10-24 09:46:21","0.5341ETH","1834","979.5394USDT","FILLED"
"2023-10-24 09:45:19","14493597297","ETHUSDT","Limit","BUY","1832.18","0.5346ETH","2023-10-24 09:45:19","0.5346ETH","1832.07","979.424622USDT","FILLED"
"2023-10-24 09:12:36","14493274680","ETHUSDT","Limit","SELL","1821.36","0.2689ETH","2023-10-24 09:12:43","0.2689ETH","1821.36","489.763704USDT","FILLED"
"2023-10-24 09:12:15","14493271491","ETHUSDT","Limit","SELL","1820.51","0.2689ETH","2023-10-24 09:12:25","0ETH","0","0USDT","CANCELED"
"2023-10-24 08:59:51","14493182782","ETHUSDT","Limit","SELL","1822","0.3534ETH","2023-10-24 09:11:23","0.3534ETH","1822","643.8948USDT","FILLED"
"2023-10-24 06:18:52","14491572846","ETHUSDT","Limit","SELL","1817","0.4554ETH","2023-10-24 08:37:36","0.4554ETH","1817","827.4618USDT","FILLED"
"2023-10-24 06:18:16","14491565125","ETHUSDT","Limit","BUY","1812.18","0.4558ETH","2023-10-24 06:18:19","0.4558ETH","1812.18","825.991644USDT","FILLED"
"2023-10-24 06:01:01","14491377929","ETHUSDT","Limit","BUY","1811","0.228ETH","2023-10-24 06:01:34","0ETH","0","0USDT","CANCELED"
"2023-10-24 05:50:20","14491157970","ETHUSDT","Limit","SELL","1820","0.1516ETH","2023-10-24 08:59:13","0ETH","0","0USDT","CANCELED"
"2023-10-24 05:49:57","14491148284","ETHUSDT","Limit","BUY","1812.38","0.1518ETH","2023-10-24 05:49:59","0.1518ETH","1812.38","275.119284USDT","FILLED"
"2023-10-24 05:48:22","14491113461","ETHUSDT","Limit","SELL","1820","0.2018ETH","2023-10-24 08:59:15","0ETH","0","0USDT","CANCELED"
"2023-10-24 05:47:59","14491104407","ETHUSDT","Limit","BUY","1816.81","0.202ETH","2023-10-24 05:47:59","0.202ETH","1816.44","366.92088USDT","FILLED"
"2023-10-24 05:47:50","14491100474","ETHUSDT","Limit","SELL","1823","0.2689ETH","2023-10-24 09:11:57","0ETH","0","0USDT","CANCELED"
"2023-10-24 05:47:04","14491085618","ETHUSDT","Limit","BUY","1818.48","0.2691ETH","2023-10-24 05:47:20","0.2691ETH","1818.48","489.352968USDT","FILLED"
"2023-10-24 04:21:34","14490191852","ETHUSDT","Limit","SELL","1835","0.8423ETH","2023-10-24 05:27:56","0.8423ETH","1835","1545.6205USDT","FILLED"
"2023-10-24 04:20:36","14490181828","ETHUSDT","Limit","SELL","1839","0.8423ETH","2023-10-24 04:21:07","0ETH","0","0USDT","CANCELED"
"2023-10-24 04:11:07","14490068903","ETHUSDT","Limit","BUY","1816.9","0.0758ETH","2023-10-24 04:11:10","0.0758ETH","1816.9","137.72102USDT","FILLED"
"2023-10-24 03:03:06","14488892338","ETHUSDT","Limit","SELL","1841","0.6656ETH","2023-10-24 04:20:14","0ETH","0","0USDT","CANCELED"
"2023-10-24 03:02:24","14488873558","ETHUSDT","Limit","BUY","1815","0.1011ETH","2023-10-24 03:58:10","0.1011ETH","1815","183.4965USDT","FILLED"
"2023-10-24 03:01:41","14488852337","ETHUSDT","Limit","BUY","1828.85","0.1338ETH","2023-10-24 03:01:41","0.1338ETH","1828.54","244.658652USDT","FILLED"
"2023-10-24 03:00:53","14488833799","ETHUSDT","Limit","SELL","1841","0.5319ETH","2023-10-24 03:02:55","0ETH","0","0USDT","CANCELED"
"2023-10-24 03:00:25","14488824617","ETHUSDT","Limit","BUY","1800","0.136ETH","2023-10-24 03:01:28","0ETH","0","0USDT","CANCELED"
"2023-10-24 02:56:24","14488748280","ETHUSDT","Limit","BUY","1837.98","0.5325ETH","2023-10-24 02:56:24","0.5325ETH","1837.22","978.31965USDT","FILLED"
"2023-10-23 19:03:34","14481738860","ETHUSDT","Limit","BUY","1660","0.5841ETH","2023-10-24 02:55:55","0ETH","0","0USDT","CANCELED"
"2023-10-23 18:41:18","14481340223","ETHUSDT","Limit","SELL","1694","0.5784ETH","2023-10-23 18:50:27","0.5784ETH","1694","979.8096USDT","FILLED"
"2023-10-23 18:40:16","14481334673","ETHUSDT","Limit","BUY","1675","0.5841ETH","2023-10-23 19:03:34","0ETH","0","0USDT","CANCELED"
"2023-10-23 18:39:09","14481324787","ETHUSDT","Limit","SELL","1692.68","0.5783ETH","2023-10-23 18:39:23","0.5783ETH","1692.68","978.876844USDT","FILLED"
"2023-10-23 18:33:07","14481283604","ETHUSDT","Limit","SELL","1696","0.5783ETH","2023-10-23 18:35:22","0ETH","0","0USDT","CANCELED"
"2023-10-23 18:19:39","14481190167","ETHUSDT","Limit","SELL","1696","1.1567ETH","2023-10-23 18:32:20","0ETH","0","0USDT","CANCELED"
"2023-10-23 18:17:09","14481170743","ETHUSDT","Limit","BUY","1694","1.1578ETH","2023-10-23 18:17:09","1.1578ETH","1693.59","1960.838502USDT","FILLED"
"2023-10-23 18:09:45","14481085243","ETHUSDT","Limit","SELL","1692.51","1.1597ETH","2023-10-23 18:10:49","1.1597ETH","1692.51","1962.803847USDT","FILLED"
"2023-10-23 18:08:19","14481077077","ETHUSDT","Limit","BUY","1691.61","1.1609ETH","2023-10-23 18:08:21","1.1609ETH","1691.61","1963.790049USDT","FILLED"
"2023-10-23 18:00:40","14481001270","ETHUSDT","Limit","BUY","1685","1.1657ETH","2023-10-23 18:04:08","0ETH","0","0USDT","CANCELED"
"2023-10-23 17:25:10","14480594443","ETHUSDT","Limit","SELL","1687","1.1653ETH","2023-10-23 17:45:54","1.1653ETH","1687","1965.8611USDT","FILLED"
"2023-10-23 17:19:50","14480540300","ETHUSDT","Limit","SELL","1689","1.1653ETH","2023-10-23 17:24:52","0ETH","0","0USDT","CANCELED"
"2023-10-23 17:19:21","14480534139","ETHUSDT","Limit","BUY","1686","1.1665ETH","2023-10-23 17:19:21","1.1665ETH","1685.67","1966.334055USDT","FILLED"
"2023-10-23 17:13:40","14480450859","ETHUSDT","Limit","BUY","1650","1.1919ETH","2023-10-23 17:17:29","0ETH","0","0USDT","CANCELED"
"2023-10-23 17:11:58","1039835261","BUSDUSDT","Limit","SELL","0.9998","984BUSD","2023-10-23 17:11:58","984BUSD","0.9998","983.8032USDT","FILLED"
"2023-10-23 17:03:59","14480295715","ETHUSDT","Limit","SELL","1688","0.5829ETH","2023-10-23 17:05:18","0.5829ETH","1688","983.9352USDT","FILLED"
"2023-10-23 17:02:51","14480281438","ETHUSDT","Limit","BUY","1686","0.5835ETH","2023-10-23 17:03:09","0.5835ETH","1686","983.781USDT","FILLED"
"2023-10-23 16:51:28","1039831088","BUSDUSDT","Limit","SELL","0.9997","984BUSD","2023-10-23 16:51:28","984BUSD","0.9998","983.8032USDT","FILLED"
"2023-10-23 16:50:30","1039830956","BUSDUSDT","Limit","SELL","0.9999","984BUSD","2023-10-23 16:51:10","0BUSD","0","0USDT","CANCELED"
